Exchange,Token,Lotsize,Symbol,Tradingsymbol,Instrument,Expiry,Strike,Optiontype
NSE,26080,1,NIFTY INDIA MFG,NIFTY INDIA MFG,INDEX,,0,
NSE,26079,1,NIFTY M150 QLTY50,NIFTY M150 QLTY50,INDEX,,0,
NSE,26078,1,NIFTY100 ESG,NIFTY100 ESG,INDEX,,0,
NSE,26077,1,NIFTY IND DIGITAL,NIFTY IND DIGITAL,INDEX,,0,
NSE,26076,1,NIFTY MICROCAP250,NIFTY MICROCAP250,INDEX,,0,
NSE,26075,1,NIFTY TOTAL MKT,NIFTY TOTAL MKT,INDEX,,0,
NSE,26074,1,NIFTY MID SELECT,NIFTY MID SELECT,INDEX,,0,
NSE,26073,1,NIFTY LARGEMID250,NIFTY LARGEMID250,INDEX,,0,
NSE,26072,1,NIFTY500 MULTICAP,NIFTY500 MULTICAP,INDEX,,0,
NSE,26071,1,NIFTY OIL AND GAS,NIFTY OIL AND GAS,INDEX,,0,
NSE,26070,1,NIFTY CONSR DURBL,NIFTY CONSR DURBL,INDEX,,0,
NSE,26069,1,NIFTY HEALTHCARE,NIFTY HEALTHCARE,INDEX,,0,
NSE,26068,1,Nifty100ESGSecLdr,Nifty100ESGSecLdr,INDEX,,0,
NSE,26067,1,Nifty200Momentm30,Nifty200Momentm30,INDEX,,0,
NSE,26066,1,NIFTY AlphaLowVol,NIFTY AlphaLowVol,INDEX,,0,
NSE,26065,1,Nifty FinSrv25 50,Nifty FinSrv25 50,INDEX,,0,
NSE,26064,1,NIFTY200 QUALTY30,NIFTY200 QUALTY30,INDEX,,0,
NSE,26063,1,NIFTY MIDSML 400,NIFTY MIDSML 400,INDEX,,0,
NSE,26062,1,NIFTY SMLCAP 250,NIFTY SMLCAP 250,INDEX,,0,
NSE,26061,1,NIFTY SMLCAP 50,NIFTY SMLCAP 50,INDEX,,0,
NSE,26060,1,NIFTY MIDCAP 150,NIFTY MIDCAP 150,INDEX,,0,
NSE,26059,1,NIFTY Alpha 50,NIFTY Alpha 50,INDEX,,0,
NSE,26058,1,NIFTY100 LowVol30,NIFTY100 LowVol30,INDEX,,0,
NSE,26057,1,NIFTY100 EQL Wgt,NIFTY100 EQL Wgt,INDEX,,0,
NSE,26056,1,NIFTY50 EQL Wgt,NIFTY50 EQL Wgt,INDEX,,0,
NSE,26055,1,Nifty GS Compsite,Nifty GS Compsite,INDEX,,0,
NSE,26054,1,Nifty GS 15YrPlus,Nifty GS 15YrPlus,INDEX,,0,
NSE,26053,1,Nifty GS 11 15Yr,Nifty GS 11 15Yr,INDEX,,0,
NSE,26052,1,Nifty GS 4 8Yr,Nifty GS 4 8Yr,INDEX,,0,
NSE,26051,1,Nifty GS 10Yr Cln,Nifty GS 10Yr Cln,INDEX,,0,
NSE,26050,1,Nifty GS 10Yr,Nifty GS 10Yr,INDEX,,0,
NSE,26049,1,Nifty GS 8 13Yr,Nifty GS 8 13Yr,INDEX,,0,
NSE,26032,1,NIFTY SMLCAP 100,NIFTY SMLCAP 100,INDEX,,0,
NSE,26011,1,NIFTY MIDCAP 100,NIFTY MIDCAP 100,INDEX,,0,
NSE,26048,1,NIFTY100 Qualty30,NIFTY100 Qualty30,INDEX,,0,
NSE,26047,1,Nifty Pvt Bank,Nifty Pvt Bank,INDEX,,0,
NSE,26046,1,Nifty Mid Liq 15,Nifty Mid Liq 15,INDEX,,0,
NSE,26045,1,Nifty50 Value 20,Nifty50 Value 20,INDEX,,0,
NSE,26044,1,Nifty50 TR 1x Inv,Nifty50 TR 1x Inv,INDEX,,0,
NSE,26043,1,Nifty50 TR 2x Lev,Nifty50 TR 2x Lev,INDEX,,0,
NSE,26042,1,Nifty50 PR 1x Inv,Nifty50 PR 1x Inv,INDEX,,0,
NSE,26002,1,Nifty50 PR 2x Lev,Nifty50 PR 2x Lev,INDEX,,0,
NSE,26001,1,Nifty GrowSect 15,Nifty GrowSect 15,INDEX,,0,
NSE,26041,1,Nifty CPSE,Nifty CPSE,INDEX,,0,
NSE,26040,1,Nifty100 Liq 15,Nifty100 Liq 15,INDEX,,0,
NSE,26038,1,Nifty50 Div Point,Nifty50 Div Point,INDEX,,0,
NSE,26036,1,Nifty Consumption,Nifty Consumption,INDEX,,0,
NSE,26035,1,Nifty Commodities,Nifty Commodities,INDEX,,0,
NSE,26034,1,Nifty Div Opps 50,Nifty Div Opps 50,INDEX,,0,
NSE,26033,1,Nifty 200,Nifty 200,INDEX,,0,
NSE,26031,1,Nifty Media,Nifty Media,INDEX,,0,
NSE,26030,1,Nifty Metal,Nifty Metal,INDEX,,0,
NSE,26029,1,Nifty Auto,Nifty Auto,INDEX,,0,
NSE,26026,1,Nifty Serv Sector,Nifty Serv Sector,INDEX,,0,
NSE,26025,1,Nifty PSU Bank,Nifty PSU Bank,INDEX,,0,
NSE,26024,1,Nifty PSE,Nifty PSE,INDEX,,0,
NSE,26023,1,Nifty Pharma,Nifty Pharma,INDEX,,0,
NSE,26022,1,Nifty MNC,Nifty MNC,INDEX,,0,
NSE,26021,1,Nifty FMCG,Nifty FMCG,INDEX,,0,
NSE,26020,1,Nifty Energy,Nifty Energy,INDEX,,0,
NSE,26019,1,Nifty Infra,Nifty Infra,INDEX,,0,
NSE,26018,1,Nifty Realty,Nifty Realty,INDEX,,0,
NSE,26014,1,Nifty Midcap 50,Nifty Midcap 50,INDEX,,0,
NSE,26012,1,Nifty 100,Nifty 100,INDEX,,0,
NSE,26004,1,Nifty 500,Nifty 500,INDEX,,0,
NSE,26013,1,Nifty Next 50,Nifty Next 50,INDEX,,0,
NSE,26008,1,Nifty IT,Nifty IT,INDEX,,0,
NSE,26037,1,FINNIFTY,Nifty Fin,INDEX,,0,
NSE,26017,1,INDIAVIX,INDIAVIX,INDEX,,0,
NSE,26009,1,BANKNIFTY,Nifty Bank,INDEX,,0,
NSE,26000,1,NIFTY,Nifty 50,INDEX,,0,
NSE,17635,1,ZYDUSWELL,ZYDUSWELL-EQ,EQ,,0,
NSE,7929,1,ZYDUSLIFE,ZYDUSLIFE-EQ,EQ,,0,
NSE,3827,1,ZUARIIND,ZUARIIND-EQ,EQ,,0,
NSE,29050,1,ZUARI,ZUARI-EQ,EQ,,0,
NSE,11394,1,ZOTA,ZOTA-EQ,EQ,,0,
NSE,5097,1,ZOMATO,ZOMATO-EQ,EQ,,0,
NSE,3821,1,ZODIACLOTH,ZODIACLOTH-EQ,EQ,,0,
NSE,7129,1,ZODIAC,ZODIAC-EQ,EQ,,0,
NSE,12384,1,ZIMLAB,ZIMLAB-EQ,EQ,,0,
NSE,16915,1,ZFCVINDIA,ZFCVINDIA-EQ,EQ,,0,
NSE,7508,1,ZENTEC,ZENTEC-EQ,EQ,,0,
NSE,1076,1,ZENSARTECH,ZENSARTECH-EQ,EQ,,0,
NSE,14562,1,ZENITHSTL,ZENITHSTL-EQ,EQ,,0,
NSE,4176,1,ZENITHEXPO,ZENITHEXPO-EQ,EQ,,0,
NSE,14003,1,ZEEMEDIA,ZEEMEDIA-EQ,EQ,,0,
NSE,20852,1,ZEELEARN,ZEELEARN-EQ,EQ,,0,
NSE,3812,1,ZEEL,ZEEL-EQ,EQ,,0,
NSE,5501,1,YUKEN,YUKEN-EQ,EQ,,0,
NSE,11915,1,YESBANK,YESBANK-EQ,EQ,,0,
NSE,24999,1,YAARI,YAARI-EQ,EQ,,0,
NSE,11407,1,XPROINDIA,XPROINDIA-EQ,EQ,,0,
NSE,8477,1,XELPMOC,XELPMOC-EQ,EQ,,0,
NSE,11705,1,XCHANGING,XCHANGING-EQ,EQ,,0,
NSE,3799,1,WSTCSTPAPR,WSTCSTPAPR-EQ,EQ,,0,
NSE,22277,1,WORTH,WORTH-EQ,EQ,,0,
NSE,3002,1,WONDERLA,WONDERLA-EQ,EQ,,0,
NSE,7506,1,WOCKPHARMA,WOCKPHARMA-EQ,EQ,,0,
NSE,3787,1,WIPRO,WIPRO-EQ,EQ,,0,
NSE,24969,1,WINDMACHIN,WINDMACHIN-EQ,EQ,,0,
NSE,5366,1,WINDLAS,WINDLAS-EQ,EQ,,0,
NSE,3772,1,WILLAMAGOR,WILLAMAGOR-EQ,EQ,,0,
NSE,18011,1,WHIRLPOOL,WHIRLPOOL-EQ,EQ,,0,
NSE,3766,1,WHEELS,WHEELS-EQ,EQ,,0,
NSE,9862,1,WEWIN,WEWIN-EQ,EQ,,0,
NSE,11580,1,WESTLIFE,WESTLIFE-EQ,EQ,,0,
NSE,4235,1,WENDT,WENDT-EQ,EQ,,0,
NSE,11253,1,WELSPUNIND,WELSPUNIND-EQ,EQ,,0,
NSE,19800,1,WELINV,WELINV-EQ,EQ,,0,
NSE,11626,1,WELENT,WELENT-EQ,EQ,,0,
NSE,11821,1,WELCORP,WELCORP-EQ,EQ,,0,
NSE,7835,1,WEL,WEL-EQ,EQ,,0,
NSE,3748,1,WEIZMANIND,WEIZMANIND-EQ,EQ,,0,
NSE,14602,1,WEBELSOLAR,WEBELSOLAR-EQ,EQ,,0,
NSE,1923,1,WEALTH,WEALTH-EQ,EQ,,0,
NSE,3745,1,WATERBASE,WATERBASE-EQ,EQ,,0,
NSE,3736,1,WALCHANNAG,WALCHANNAG-EQ,EQ,,0,
NSE,20188,1,WABAG,WABAG-EQ,EQ,,0,
NSE,2073,1,VTL,VTL-EQ,EQ,,0,
NSE,24292,1,VSTTILLERS,VSTTILLERS-EQ,EQ,,0,
NSE,3724,1,VSTIND,VSTIND-EQ,EQ,,0,
NSE,27067,1,VSSL,VSSL-EQ,EQ,,0,
NSE,8696,1,VRLLOG,VRLLOG-EQ,EQ,,0,
NSE,3718,1,VOLTAS,VOLTAS-EQ,EQ,,0,
NSE,13577,1,VOLTAMP,VOLTAMP-EQ,EQ,,0,
NSE,29284,1,VMART,VMART-EQ,EQ,,0,
NSE,3715,1,VLSFINANCE,VLSFINANCE-EQ,EQ,,0,
NSE,29877,1,VIVIDHA,VIVIDHA-EQ,EQ,,0,
NSE,13702,1,VISHWARAJ,VISHWARAJ-EQ,EQ,,0,
NSE,6908,1,VISHNU,VISHNU-EQ,EQ,,0,
NSE,11773,1,VISHAL,VISHAL-EQ,EQ,,0,
NSE,7303,1,VISESHINFO,VISESHINFO-EQ,EQ,,0,
NSE,4221,1,VISAKAIND,VISAKAIND-EQ,EQ,,0,
NSE,15295,1,VIRINCHI,VIRINCHI-EQ,EQ,,0,
NSE,8424,1,VIPULLTD,VIPULLTD-EQ,EQ,,0,
NSE,3703,1,VIPIND,VIPIND-EQ,EQ,,0,
NSE,14843,1,VIPCLOTHNG,VIPCLOTHNG-EQ,EQ,,0,
NSE,16821,1,VINYLINDIA,VINYLINDIA-EQ,EQ,,0,
NSE,12490,1,VINNY,VINNY-EQ,EQ,,0,
NSE,3807,1,VINEETLAB,VINEETLAB-EQ,EQ,,0,
NSE,3694,1,VINDHYATEL,VINDHYATEL-EQ,EQ,,0,
NSE,17364,1,VINATIORGA,VINATIORGA-EQ,EQ,,0,
NSE,13101,1,VIMTALABS,VIMTALABS-EQ,EQ,,0,
NSE,9931,1,VIKASLIFE,VIKASLIFE-EQ,EQ,,0,
NSE,25756,1,VIKASECO,VIKASECO-EQ,EQ,,0,
NSE,17691,1,VIJIFIN,VIJIFIN-EQ,EQ,,0,
NSE,5585,1,VIJAYA,VIJAYA-EQ,EQ,,0,
NSE,13536,1,VIDHIING,VIDHIING-EQ,EQ,,0,
NSE,11892,1,VHL,VHL-EQ,EQ,,0,
NSE,15362,1,VGUARD,VGUARD-EQ,EQ,,0,
NSE,8652,1,VETO,VETO-EQ,EQ,,0,
NSE,3676,1,VESUVIUS,VESUVIUS-EQ,EQ,,0,
NSE,18863,1,VERTOZ,VERTOZ-EQ,EQ,,0,
NSE,8890,1,VERANDA,VERANDA-EQ,EQ,,0,
NSE,13859,1,VENUSREM,VENUSREM-EQ,EQ,,0,
NSE,9592,1,VENUSPIPES,VENUSPIPES-EQ,EQ,,0,
NSE,3757,1,VENKEYS,VENKEYS-EQ,EQ,,0,
NSE,3063,1,VEDL,VEDL-EQ,EQ,,0,
NSE,9020,1,VCL,VCL-EQ,EQ,,0,
NSE,18921,1,VBL,VBL-EQ,EQ,,0,
NSE,25340,1,VASWANI,VASWANI-EQ,EQ,,0,
NSE,18110,1,VASCONEQ,VASCONEQ-EQ,EQ,,0,
NSE,3857,1,VARROC,VARROC-EQ,EQ,,0,
NSE,3646,1,VARDMNPOLY,VARDMNPOLY-EQ,EQ,,0,
NSE,11220,1,VARDHACRLC,VARDHACRLC-EQ,EQ,,0,
NSE,330,1,VALIANTORG,VALIANTORG-EQ,EQ,,0,
NSE,13342,1,VAKRANGEE,VAKRANGEE-EQ,EQ,,0,
NSE,16589,1,VAISHALI,VAISHALI-EQ,EQ,,0,
NSE,11364,1,VAIBHAVGBL,VAIBHAVGBL-EQ,EQ,,0,
NSE,24196,1,VADILALIND,VADILALIND-EQ,EQ,,0,
NSE,14766,1,V2RETAIL,V2RETAIL-EQ,EQ,,0,
NSE,12863,1,V1NSETEST,V1NSETEST-EQ,EQ,,0,
NSE,13376,1,UTTAMSUGAR,UTTAMSUGAR-EQ,EQ,,0,
NSE,9168,1,UTISXN50,UTISXN50-EQ,EQ,,0,
NSE,10515,1,UTISENSETF,UTISENSETF-EQ,EQ,,0,
NSE,10511,1,UTINIFTETF,UTINIFTETF-EQ,EQ,,0,
NSE,21478,1,UTINEXT50,UTINEXT50-EQ,EQ,,0,
NSE,22440,1,UTIBANKETF,UTIBANKETF-EQ,EQ,,0,
NSE,527,1,UTIAMC,UTIAMC-EQ,EQ,,0,
NSE,14871,1,USK,USK-EQ,EQ,,0,
NSE,8840,1,USHAMART,USHAMART-EQ,EQ,,0,
NSE,20203,1,URJA,URJA-EQ,EQ,,0,
NSE,11287,1,UPL,UPL-EQ,EQ,,0,
NSE,14154,1,UNOMINDA,UNOMINDA-EQ,EQ,,0,
NSE,17659,1,UNIVPHOTO,UNIVPHOTO-EQ,EQ,,0,
NSE,3607,1,UNIVCABLES,UNIVCABLES-EQ,EQ,,0,
NSE,18977,1,UNIVASTU,UNIVASTU-EQ,EQ,,0,
NSE,17999,1,UNITEDTEA,UNITEDTEA-EQ,EQ,,0,
NSE,7560,1,UNITEDPOLY,UNITEDPOLY-EQ,EQ,,0,
NSE,13057,1,UNIPARTS,UNIPARTS-EQ,EQ,,0,
NSE,10753,1,UNIONBANK,UNIONBANK-EQ,EQ,,0,
NSE,7791,1,UNIINFO,UNIINFO-EQ,EQ,,0,
NSE,11293,1,UNIENTER,UNIENTER-EQ,EQ,,0,
NSE,201,1,UNIDT,UNIDT-EQ,EQ,,0,
NSE,3579,1,UNICHEMLAB,UNICHEMLAB-EQ,EQ,,0,
NSE,19142,1,UMESLTD,UMESLTD-EQ,EQ,,0,
NSE,11387,1,UMANGDAIRY,UMANGDAIRY-EQ,EQ,,0,
NSE,8842,1,UMAEXPORTS,UMAEXPORTS-EQ,EQ,,0,
NSE,11532,1,ULTRACEMCO,ULTRACEMCO-EQ,EQ,,0,
NSE,15228,1,UJJIVANSFB,UJJIVANSFB-EQ,EQ,,0,
NSE,17069,1,UJJIVAN,UJJIVAN-EQ,EQ,,0,
NSE,5313,1,UGROCAP,UGROCAP-EQ,EQ,,0,
NSE,19578,1,UGARSUGAR,UGARSUGAR-EQ,EQ,,0,
NSE,9039,1,UFO,UFO-EQ,EQ,,0,
NSE,1053,1,UFLEX,UFLEX-EQ,EQ,,0,
NSE,7276,1,UDAICEMENT,UDAICEMENT-EQ,EQ,,0,
NSE,11223,1,UCOBANK,UCOBANK-EQ,EQ,,0,
NSE,3570,1,UCALFUEL,UCALFUEL-EQ,EQ,,0,
NSE,16713,1,UBL,UBL-EQ,EQ,,0,
NSE,15414,1,TWL,TWL-EQ,EQ,,0,
NSE,18504,1,TVVISION,TVVISION-EQ,EQ,,0,
NSE,11275,1,TVTODAY,TVTODAY-EQ,EQ,,0,
NSE,14245,1,TVSSRICHAK,TVSSRICHAK-EQ,EQ,,0,
NSE,8479,1,TVSMOTOR,TVSMOTOR-EQ,EQ,,0,
NSE,11265,1,TVSELECT,TVSELECT-EQ,EQ,,0,
NSE,14208,1,TV18BRDCST,TV18BRDCST-EQ,EQ,,0,
NSE,8954,1,TTML,TTML-EQ,EQ,,0,
NSE,14314,1,TTL,TTL-EQ,EQ,,0,
NSE,3546,1,TTKPRESTIG,TTKPRESTIG-EQ,EQ,,0,
NSE,11369,1,TTKHLTCARE,TTKHLTCARE-EQ,EQ,,0,
NSE,13081,1,TRIVENI,TRIVENI-EQ,EQ,,0,
NSE,25584,1,TRITURBINE,TRITURBINE-EQ,EQ,,0,
NSE,15174,1,TRIL,TRIL-EQ,EQ,,0,
NSE,5428,1,TRIGYN,TRIGYN-EQ,EQ,,0,
NSE,9685,1,TRIDENT,TRIDENT-EQ,EQ,,0,
NSE,17987,1,TRF,TRF-EQ,EQ,,0,
NSE,1964,1,TRENT,TRENT-EQ,EQ,,0,
NSE,7518,1,TREJHARA,TREJHARA-EQ,EQ,,0,
NSE,25082,1,TREEHOUSE,TREEHOUSE-EQ,EQ,,0,
NSE,11582,1,TRACXN,TRACXN-EQ,EQ,,0,
NSE,9219,1,TPLPLASTEH,TPLPLASTEH-EQ,EQ,,0,
NSE,16908,1,TOUCHWOOD,TOUCHWOOD-EQ,EQ,,0,
NSE,22423,1,TOTAL,TOTAL-EQ,EQ,,0,
NSE,13786,1,TORNTPOWER,TORNTPOWER-EQ,EQ,,0,
NSE,3518,1,TORNTPHARM,TORNTPHARM-EQ,EQ,,0,
NSE,3837,1,TOKYOPLAST,TOKYOPLAST-EQ,EQ,,0,
NSE,3980,1,TNPL,TNPL-EQ,EQ,,0,
NSE,3509,1,TNPETRO,TNPETRO-EQ,EQ,,0,
NSE,8882,1,TNIDETF,TNIDETF-EQ,EQ,,0,
NSE,10945,1,TMB,TMB-EQ,EQ,,0,
NSE,3506,1,TITAN,TITAN-EQ,EQ,,0,
NSE,22282,1,TIRUPATIFL,TIRUPATIFL-EQ,EQ,,0,
NSE,3496,1,TIRUMALCHM,TIRUMALCHM-EQ,EQ,,0,
NSE,9117,1,TIPSINDLTD,TIPSINDLTD-EQ,EQ,,0,
NSE,11374,1,TIPSFILMS,TIPSFILMS-EQ,EQ,,0,
NSE,3493,1,TINPLATE,TINPLATE-EQ,EQ,,0,
NSE,14198,1,TIMKEN,TIMKEN-EQ,EQ,,0,
NSE,14707,1,TIMETECHNO,TIMETECHNO-EQ,EQ,,0,
NSE,10717,1,TIMESGTY,TIMESGTY-EQ,EQ,,0,
NSE,25482,1,TIJARIA,TIJARIA-EQ,EQ,,0,
NSE,312,1,TIINDIA,TIINDIA-EQ,EQ,,0,
NSE,14223,1,TIIL,TIIL-EQ,EQ,,0,
NSE,14019,1,TIDEWATER,TIDEWATER-EQ,EQ,,0,
NSE,19196,1,TI,TI-EQ,EQ,,0,
NSE,17032,1,THYROCARE,THYROCARE-EQ,EQ,,0,
NSE,3481,1,THOMASCOOK,THOMASCOOK-EQ,EQ,,0,
NSE,3475,1,THERMAX,THERMAX-EQ,EQ,,0,
NSE,14485,1,THEMISMED,THEMISMED-EQ,EQ,,0,
NSE,18118,1,THANGAMAYL,THANGAMAYL-EQ,EQ,,0,
NSE,14319,1,TFL,TFL-EQ,EQ,,0,
NSE,3466,1,TFCILTD,TFCILTD-EQ,EQ,,0,
NSE,21828,1,TEXRAIL,TEXRAIL-EQ,EQ,,0,
NSE,18214,1,TEXMOPIPES,TEXMOPIPES-EQ,EQ,,0,
NSE,11549,1,TEXINFRA,TEXINFRA-EQ,EQ,,0,
NSE,19292,1,TERASOFT,TERASOFT-EQ,EQ,,0,
NSE,3275,1,TEMBO,TEMBO-EQ,EQ,,0,
NSE,21131,1,TEJASNET,TEJASNET-EQ,EQ,,0,
NSE,7105,1,TEGA,TEGA-EQ,EQ,,0,
NSE,6445,1,TECHNOE,TECHNOE-EQ,EQ,,0,
NSE,13538,1,TECHM,TECHM-EQ,EQ,,0,
NSE,25190,1,TECHIN,TECHIN-EQ,EQ,,0,
NSE,6462,1,TECH,TECH-EQ,EQ,,0,
NSE,12716,1,TEAMLEASE,TEAMLEASE-EQ,EQ,,0,
NSE,25178,1,TDPOWERSYS,TDPOWERSYS-EQ,EQ,,0,
NSE,11536,1,TCS,TCS-EQ,EQ,,0,
NSE,184,1,TCPLPACK,TCPLPACK-EQ,EQ,,0,
NSE,4172,1,TCNSBRANDS,TCNSBRANDS-EQ,EQ,,0,
NSE,19223,1,TCIEXP,TCIEXP-EQ,EQ,,0,
NSE,10580,1,TCI,TCI-EQ,EQ,,0,
NSE,27037,1,TBZ,TBZ-EQ,EQ,,0,
NSE,5162,1,TATVA,TATVA-EQ,EQ,,0,
NSE,1639,1,TATASTLLP,TATASTLLP-EQ,EQ,,0,
NSE,3499,1,TATASTEEL,TATASTEEL-EQ,EQ,,0,
NSE,3426,1,TATAPOWER,TATAPOWER-EQ,EQ,,0,
NSE,16965,1,TATAMTRDVR,TATAMTRDVR-EQ,EQ,,0,
NSE,3456,1,TATAMOTORS,TATAMOTORS-EQ,EQ,,0,
NSE,3423,1,TATAMETALI,TATAMETALI-EQ,EQ,,0,
NSE,1621,1,TATAINVEST,TATAINVEST-EQ,EQ,,0,
NSE,3411,1,TATAELXSI,TATAELXSI-EQ,EQ,,0,
NSE,3432,1,TATACONSUM,TATACONSUM-EQ,EQ,,0,
NSE,3721,1,TATACOMM,TATACOMM-EQ,EQ,,0,
NSE,724,1,TATACOFFEE,TATACOFFEE-EQ,EQ,,0,
NSE,3405,1,TATACHEM,TATACHEM-EQ,EQ,,0,
NSE,20092,1,TASTYBITE,TASTYBITE-EQ,EQ,,0,
NSE,6943,1,TARSONS,TARSONS-EQ,EQ,,0,
NSE,14771,1,TARMAT,TARMAT-EQ,EQ,,0,
NSE,1581,1,TARC,TARC-EQ,EQ,,0,
NSE,13976,1,TANLA,TANLA-EQ,EQ,,0,
NSE,13648,1,TALBROAUTO,TALBROAUTO-EQ,EQ,,0,
NSE,14917,1,TAKE,TAKE-EQ,EQ,,0,
NSE,9354,1,TAJGVK,TAJGVK-EQ,EQ,,0,
NSE,3396,1,TAINWALCHM,TAINWALCHM-EQ,EQ,,0,
NSE,10793,1,SYRMA,SYRMA-EQ,EQ,,0,
NSE,10243,1,SYNGENE,SYNGENE-EQ,EQ,,0,
NSE,11992,1,SYNCOMF,SYNCOMF-EQ,EQ,,0,
NSE,24190,1,SYMPHONY,SYMPHONY-EQ,EQ,,0,
NSE,12489,1,SWSOLAR,SWSOLAR-EQ,EQ,,0,
NSE,11909,1,SWELECTES,SWELECTES-EQ,EQ,,0,
NSE,3384,1,SWARAJENG,SWARAJENG-EQ,EQ,,0,
NSE,27095,1,SWANENERGY,SWANENERGY-EQ,EQ,,0,
NSE,15121,1,SVLL,SVLL-EQ,EQ,,0,
NSE,12018,1,SUZLON,SUZLON-EQ,EQ,,0,
NSE,2998,1,SUVIDHAA,SUVIDHAA-EQ,EQ,,0,
NSE,17945,1,SUVENPHAR,SUVENPHAR-EQ,EQ,,0,
NSE,11233,1,SUVEN,SUVEN-EQ,EQ,,0,
NSE,638,1,SUULD,SUULD-EQ,EQ,,0,
NSE,13801,1,SUTLEJTEX,SUTLEJTEX-EQ,EQ,,0,
NSE,2970,1,SURYODAY,SURYODAY-EQ,EQ,,0,
NSE,3375,1,SURYAROSNI,SURYAROSNI-EQ,EQ,,0,
NSE,11852,1,SURYALAXMI,SURYALAXMI-EQ,EQ,,0,
NSE,10700,1,SURANAT&P,SURANAT&P-EQ,EQ,,0,
NSE,21077,1,SURANASOL,SURANASOL-EQ,EQ,,0,
NSE,7390,1,SUPRIYA,SUPRIYA-EQ,EQ,,0,
NSE,15002,1,SUPREMEINF,SUPREMEINF-EQ,EQ,,0,
NSE,3363,1,SUPREMEIND,SUPREMEIND-EQ,EQ,,0,
NSE,11689,1,SUPRAJIT,SUPRAJIT-EQ,EQ,,0,
NSE,3357,1,SUPERSPIN,SUPERSPIN-EQ,EQ,,0,
NSE,20616,1,SUPERHOUSE,SUPERHOUSE-EQ,EQ,,0,
NSE,13404,1,SUNTV,SUNTV-EQ,EQ,,0,
NSE,17641,1,SUNTECK,SUNTECK-EQ,EQ,,0,
NSE,3351,1,SUNPHARMA,SUNPHARMA-EQ,EQ,,0,
NSE,3348,1,SUNFLAG,SUNFLAG-EQ,EQ,,0,
NSE,3345,1,SUNDRMFAST,SUNDRMFAST-EQ,EQ,,0,
NSE,4179,1,SUNDRMBRAK,SUNDRMBRAK-EQ,EQ,,0,
NSE,2183,1,SUNDARMHLD,SUNDARMHLD-EQ,EQ,,0,
NSE,3339,1,SUNDARMFIN,SUNDARMFIN-EQ,EQ,,0,
NSE,18931,1,SUNDARAM,SUNDARAM-EQ,EQ,,0,
NSE,29008,1,SUNCLAYLTD,SUNCLAYLTD-EQ,EQ,,0,
NSE,21275,1,SUMMITSEC,SUMMITSEC-EQ,EQ,,0,
NSE,11140,1,SUMIT,SUMIT-EQ,EQ,,0,
NSE,17105,1,SUMICHEM,SUMICHEM-EQ,EQ,,0,
NSE,13218,1,SULA,SULA-EQ,EQ,,0,
NSE,11804,1,SUKHJITS,SUKHJITS-EQ,EQ,,0,
NSE,3327,1,SUDARSCHEM,SUDARSCHEM-EQ,EQ,,0,
NSE,3324,1,SUBROS,SUBROS-EQ,EQ,,0,
NSE,967,1,SUBEXLTD,SUBEXLTD-EQ,EQ,,0,
NSE,19,1,STYRENIX,STYRENIX-EQ,EQ,,0,
NSE,5186,1,STYLAMIND,STYLAMIND-EQ,EQ,,0,
NSE,2107,1,STOVEKRAFT,STOVEKRAFT-EQ,EQ,,0,
NSE,9309,1,STLTECH,STLTECH-EQ,EQ,,0,
NSE,4299,1,STERTOOLS,STERTOOLS-EQ,EQ,,0,
NSE,21484,1,STEL,STEL-EQ,EQ,,0,
NSE,21339,1,STEELXIND,STEELXIND-EQ,EQ,,0,
NSE,10406,1,STEELCITY,STEELCITY-EQ,EQ,,0,
NSE,6803,1,STEELCAS,STEELCAS-EQ,EQ,,0,
NSE,10948,1,STCINDIA,STCINDIA-EQ,EQ,,0,
NSE,9305,1,STARTECK,STARTECK-EQ,EQ,,0,
NSE,3291,1,STARPAPER,STARPAPER-EQ,EQ,,0,
NSE,7083,1,STARHEALTH,STARHEALTH-EQ,EQ,,0,
NSE,21091,1,STARCEMENT,STARCEMENT-EQ,EQ,,0,
NSE,7374,1,STAR,STAR-EQ,EQ,,0,
NSE,11829,1,SSWL,SSWL-EQ,EQ,,0,
NSE,140,1,SRPL,SRPL-EQ,EQ,,0,
NSE,14582,1,SRHHYPOLTD,SRHHYPOLTD-EQ,EQ,,0,
NSE,3273,1,SRF,SRF-EQ,EQ,,0,
NSE,31837,1,SREEL,SREEL-EQ,EQ,,0,
NSE,10733,1,SPORTKING,SPORTKING-EQ,EQ,,0,
NSE,9617,1,SPLPETRO,SPLPETRO-EQ,EQ,,0,
NSE,11935,1,SPLIL,SPLIL-EQ,EQ,,0,
NSE,3252,1,SPIC,SPIC-EQ,EQ,,0,
NSE,8163,1,SPENCERS,SPENCERS-EQ,EQ,,0,
NSE,27107,1,SPECIALITY,SPECIALITY-EQ,EQ,,0,
NSE,19372,1,SPCENET,SPCENET-EQ,EQ,,0,
NSE,14788,1,SPARC,SPARC-EQ,EQ,,0,
NSE,11435,1,SPANDANA,SPANDANA-EQ,EQ,,0,
NSE,18252,1,SPAL,SPAL-EQ,EQ,,0,
NSE,9678,1,SOUTHWEST,SOUTHWEST-EQ,EQ,,0,
NSE,5948,1,SOUTHBANK,SOUTHBANK-EQ,EQ,,0,
NSE,3021,1,SOTL,SOTL-EQ,EQ,,0,
NSE,6596,1,SONATSOFTW,SONATSOFTW-EQ,EQ,,0,
NSE,8806,1,SONAMCLOCK,SONAMCLOCK-EQ,EQ,,0,
NSE,4684,1,SONACOMS,SONACOMS-EQ,EQ,,0,
NSE,17794,1,SOMICONVEY,SOMICONVEY-EQ,EQ,,0,
NSE,4201,1,SOMATEX,SOMATEX-EQ,EQ,,0,
NSE,3880,1,SOMANYCERA,SOMANYCERA-EQ,EQ,,0,
NSE,13332,1,SOLARINDS,SOLARINDS-EQ,EQ,,0,
NSE,3672,1,SOLARA,SOLARA-EQ,EQ,,0,
NSE,8266,1,SOFTTECH,SOFTTECH-EQ,EQ,,0,
NSE,13826,1,SOBHA,SOBHA-EQ,EQ,,0,
NSE,4843,1,SNOWMAN,SNOWMAN-EQ,EQ,,0,
NSE,14329,1,SMSPHARMA,SMSPHARMA-EQ,EQ,,0,
NSE,21551,1,SMSLIFE,SMSLIFE-EQ,EQ,,0,
NSE,6843,1,SMLT,SMLT-EQ,EQ,,0,
NSE,3387,1,SMLISUZU,SMLISUZU-EQ,EQ,,0,
NSE,2320,1,SMCGLOBAL,SMCGLOBAL-EQ,EQ,,0,
NSE,9889,1,SMARTLINK,SMARTLINK-EQ,EQ,,0,
NSE,13631,1,SKYGOLD,SKYGOLD-EQ,EQ,,0,
NSE,4732,1,SKMEGGPROD,SKMEGGPROD-EQ,EQ,,0,
NSE,9428,1,SKIPPER,SKIPPER-EQ,EQ,,0,
NSE,3186,1,SKFINDIA,SKFINDIA-EQ,EQ,,0,
NSE,18883,1,SJVN,SJVN-EQ,EQ,,0,
NSE,6643,1,SJS,SJS-EQ,EQ,,0,
NSE,14096,1,SIYSIL,SIYSIL-EQ,EQ,,0,
NSE,13998,1,SITINET,SITINET-EQ,EQ,,0,
NSE,21501,1,SIS,SIS-EQ,EQ,,0,
NSE,11050,1,SIRCA,SIRCA-EQ,EQ,,0,
NSE,381,1,SINTERCOM,SINTERCOM-EQ,EQ,,0,
NSE,3162,1,SIMPLEXINF,SIMPLEXINF-EQ,EQ,,0,
NSE,14612,1,SIMBHALS,SIMBHALS-EQ,EQ,,0,
NSE,9422,1,SILVERTUC,SILVERTUC-EQ,EQ,,0,
NSE,15085,1,SILVERETF,SILVERETF-EQ,EQ,,0,
NSE,8080,1,SILVERBEES,SILVERBEES-EQ,EQ,,0,
NSE,8003,1,SILVER,SILVER-EQ,EQ,,0,
NSE,19097,1,SILLYMONKS,SILLYMONKS-EQ,EQ,,0,
NSE,4105,1,SILINV,SILINV-EQ,EQ,,0,
NSE,2492,1,SILGO,SILGO-EQ,EQ,,0,
NSE,6218,1,SIKKO,SIKKO-EQ,EQ,,0,
NSE,4522,1,SIGIND,SIGIND-EQ,EQ,,0,
NSE,6663,1,SIGACHI,SIGACHI-EQ,EQ,,0,
NSE,3150,1,SIEMENS,SIEMENS-EQ,EQ,,0,
NSE,13740,1,SHYAMTEL,SHYAMTEL-EQ,EQ,,0,
NSE,4693,1,SHYAMMETL,SHYAMMETL-EQ,EQ,,0,
NSE,10188,1,SHYAMCENT,SHYAMCENT-EQ,EQ,,0,
NSE,7200,1,SHRIRAMPPS,SHRIRAMPPS-EQ,EQ,,0,
NSE,4306,1,SHRIRAMFIN,SHRIRAMFIN-EQ,EQ,,0,
NSE,17186,1,SHRIPISTON,SHRIPISTON-EQ,EQ,,0,
NSE,3129,1,SHREYAS,SHREYAS-EQ,EQ,,0,
NSE,3126,1,SHREYANIND,SHREYANIND-EQ,EQ,,0,
NSE,11149,1,SHRENIK,SHRENIK-EQ,EQ,,0,
NSE,7627,1,SHREERAMA,SHREERAMA-EQ,EQ,,0,
NSE,10588,1,SHREEPUSHK,SHREEPUSHK-EQ,EQ,,0,
NSE,3103,1,SHREECEM,SHREECEM-EQ,EQ,,0,
NSE,3099,1,SHREDIGCEM,SHREDIGCEM-EQ,EQ,,0,
NSE,708,1,SHRADHA,SHRADHA-EQ,EQ,,0,
NSE,11813,1,SHOPERSTOP,SHOPERSTOP-EQ,EQ,,0,
NSE,11212,1,SHK,SHK-EQ,EQ,,0,
NSE,804,1,SHIVATEX,SHIVATEX-EQ,EQ,,0,
NSE,13756,1,SHIVAMAUTO,SHIVAMAUTO-EQ,EQ,,0,
NSE,7016,1,SHIVALIK,SHIVALIK-EQ,EQ,,0,
NSE,17752,1,SHILPAMED,SHILPAMED-EQ,EQ,,0,
NSE,5068,1,SHEMAROO,SHEMAROO-EQ,EQ,,0,
NSE,17044,1,SHARIABEES,SHARIABEES-EQ,EQ,,0,
NSE,104,1,SHAREINDIA,SHAREINDIA-EQ,EQ,,0,
NSE,10530,1,SHARDAMOTR,SHARDAMOTR-EQ,EQ,,0,
NSE,4992,1,SHARDACROP,SHARDACROP-EQ,EQ,,0,
NSE,3078,1,SHANTIGEAR,SHANTIGEAR-EQ,EQ,,0,
NSE,5650,1,SHANTI,SHANTI-EQ,EQ,,0,
NSE,20321,1,SHANKARA,SHANKARA-EQ,EQ,,0,
NSE,15342,1,SHALPAINTS,SHALPAINTS-EQ,EQ,,0,
NSE,714,1,SHALBY,SHALBY-EQ,EQ,,0,
NSE,25574,1,SHAKTIPUMP,SHAKTIPUMP-EQ,EQ,,0,
NSE,8727,1,SHAILY,SHAILY-EQ,EQ,,0,
NSE,11856,1,SHAHALLOYS,SHAHALLOYS-EQ,EQ,,0,
NSE,13367,1,SGL,SGL-EQ,EQ,,0,
NSE,5114,1,SGIL,SGIL-EQ,EQ,,0,
NSE,19184,1,SFL,SFL-EQ,EQ,,0,
NSE,7353,1,SETFNN50,SETFNN50-EQ,EQ,,0,
NSE,7361,1,SETFNIFBK,SETFNIFBK-EQ,EQ,,0,
NSE,10176,1,SETFNIF50,SETFNIF50-EQ,EQ,,0,
NSE,17272,1,SETFGOLD,SETFGOLD-EQ,EQ,,0,
NSE,17395,1,SETF10GILT,SETF10GILT-EQ,EQ,,0,
NSE,17514,1,SETCO,SETCO-EQ,EQ,,0,
NSE,3066,1,SESHAPAPER,SESHAPAPER-EQ,EQ,,0,
NSE,5507,1,SERVOTECH,SERVOTECH-EQ,EQ,,0,
NSE,14296,1,SEQUENT,SEQUENT-EQ,EQ,,0,
NSE,27303,1,SEPOWER,SEPOWER-EQ,EQ,,0,
NSE,15308,1,SEPC,SEPC-EQ,EQ,,0,
NSE,13598,1,SELAN,SELAN-EQ,EQ,,0,
NSE,11058,1,SECURKLOUD,SECURKLOUD-EQ,EQ,,0,
NSE,11520,1,SECURCRED,SECURCRED-EQ,EQ,,0,
NSE,2616,1,SEAMECLTD,SEAMECLTD-EQ,EQ,,0,
NSE,3022,1,SDL26BEES,SDL26BEES-EQ,EQ,,0,
NSE,1143,1,SDL24BEES,SDL24BEES-EQ,EQ,,0,
NSE,1338,1,SDBL,SDBL-EQ,EQ,,0,
NSE,12072,1,SCPL,SCPL-EQ,EQ,,0,
NSE,3048,1,SCI,SCI-EQ,EQ,,0,
NSE,31234,1,SCHNEIDER,SCHNEIDER-EQ,EQ,,0,
NSE,20698,1,SCHAND,SCHAND-EQ,EQ,,0,
NSE,1011,1,SCHAEFFLER,SCHAEFFLER-EQ,EQ,,0,
NSE,17,1,SCAPDVR,SCAPDVR-EQ,EQ,,0,
NSE,3045,1,SBIN,SBIN-EQ,EQ,,0,
NSE,21808,1,SBILIFE,SBILIFE-EQ,EQ,,0,
NSE,7218,1,SBIETFQLTY,SBIETFQLTY-EQ,EQ,,0,
NSE,722,1,SBIETFPB,SBIETFPB-EQ,EQ,,0,
NSE,740,1,SBIETFIT,SBIETFIT-EQ,EQ,,0,
NSE,5168,1,SBIETFCON,SBIETFCON-EQ,EQ,,0,
NSE,17971,1,SBICARD,SBICARD-EQ,EQ,,0,
NSE,14139,1,SBGLP,SBGLP-EQ,EQ,,0,
NSE,4656,1,SBCL,SBCL-EQ,EQ,,0,
NSE,6792,1,SBC,SBC-EQ,EQ,,0,
NSE,12015,1,SATINDLTD,SATINDLTD-EQ,EQ,,0,
NSE,10453,1,SATIN,SATIN-EQ,EQ,,0,
NSE,11045,1,SATIA,SATIA-EQ,EQ,,0,
NSE,20063,1,SASTASUNDR,SASTASUNDR-EQ,EQ,,0,
NSE,11983,1,SASKEN,SASKEN-EQ,EQ,,0,
NSE,12913,1,SARVESHWAR,SARVESHWAR-EQ,EQ,,0,
NSE,14043,1,SARLAPOLY,SARLAPOLY-EQ,EQ,,0,
NSE,4892,1,SAREGAMA,SAREGAMA-EQ,EQ,,0,
NSE,17758,1,SARDAEN,SARDAEN-EQ,EQ,,0,
NSE,6718,1,SAPPHIRE,SAPPHIRE-EQ,EQ,,0,
NSE,5751,1,SANSERA,SANSERA-EQ,EQ,,0,
NSE,1442,1,SANOFI,SANOFI-EQ,EQ,,0,
NSE,11032,1,SANGINITA,SANGINITA-EQ,EQ,,0,
NSE,14058,1,SANGHVIMOV,SANGHVIMOV-EQ,EQ,,0,
NSE,2997,1,SANGHIIND,SANGHIIND-EQ,EQ,,0,
NSE,4184,1,SANGAMIND,SANGAMIND-EQ,EQ,,0,
NSE,2397,1,SANDHAR,SANDHAR-EQ,EQ,,0,
NSE,2988,1,SANDESH,SANDESH-EQ,EQ,,0,
NSE,4127,1,SAMBHAAV,SAMBHAAV-EQ,EQ,,0,
NSE,11399,1,SALZERELEC,SALZERELEC-EQ,EQ,,0,
NSE,11634,1,SALSTEEL,SALSTEEL-EQ,EQ,,0,
NSE,17351,1,SALONA,SALONA-EQ,EQ,,0,
NSE,21362,1,SALASAR,SALASAR-EQ,EQ,,0,
NSE,13251,1,SAKUMA,SAKUMA-EQ,EQ,,0,
NSE,11794,1,SAKSOFT,SAKSOFT-EQ,EQ,,0,
NSE,2969,1,SAKHTISUG,SAKHTISUG-EQ,EQ,,0,
NSE,9539,1,SAKAR,SAKAR-EQ,EQ,,0,
NSE,2963,1,SAIL,SAIL-EQ,EQ,,0,
NSE,14900,1,SAHYADRI,SAHYADRI-EQ,EQ,,0,
NSE,13689,1,SAH,SAH-EQ,EQ,,0,
NSE,14068,1,SAGCEM,SAGCEM-EQ,EQ,,0,
NSE,8175,1,SAGARDEEP,SAGARDEEP-EQ,EQ,,0,
NSE,13035,1,SAFARI,SAFARI-EQ,EQ,,0,
NSE,15343,1,SADHNANIQ,SADHNANIQ-EQ,EQ,,0,
NSE,10618,1,SADBHIN,SADBHIN-EQ,EQ,,0,
NSE,13236,1,SADBHAV,SADBHAV-EQ,EQ,,0,
NSE,9552,1,RVNL,RVNL-EQ,EQ,,0,
NSE,1565,1,RVHL,RVHL-EQ,EQ,,0,
NSE,12219,1,RUSTOMJEE,RUSTOMJEE-EQ,EQ,,0,
NSE,24595,1,RUSHIL,RUSHIL-EQ,EQ,,0,
NSE,25724,1,RUPA,RUPA-EQ,EQ,,0,
NSE,13821,1,RUCHIRA,RUCHIRA-EQ,EQ,,0,
NSE,2939,1,RUBYMILLS,RUBYMILLS-EQ,EQ,,0,
NSE,17520,1,RTNPOWER,RTNPOWER-EQ,EQ,,0,
NSE,27297,1,RTNINDIA,RTNINDIA-EQ,EQ,,0,
NSE,13414,1,RSYSTEMS,RSYSTEMS-EQ,EQ,,0,
NSE,2794,1,RSWM,RSWM-EQ,EQ,,0,
NSE,8119,1,RPSGVENT,RPSGVENT-EQ,EQ,,0,
NSE,6913,1,RPPL,RPPL-EQ,EQ,,0,
NSE,20760,1,RPPINFRA,RPPINFRA-EQ,EQ,,0,
NSE,15259,1,RPOWER,RPOWER-EQ,EQ,,0,
NSE,16725,1,RPGLIFE,RPGLIFE-EQ,EQ,,0,
NSE,128,1,ROUTE,ROUTE-EQ,EQ,,0,
NSE,9049,1,ROTO,ROTO-EQ,EQ,,0,
NSE,28913,1,ROSSELLIND,ROSSELLIND-EQ,EQ,,0,
NSE,19410,1,ROSSARI,ROSSARI-EQ,EQ,,0,
NSE,359,1,ROML,ROML-EQ,EQ,,0,
NSE,19104,1,ROLLT,ROLLT-EQ,EQ,,0,
NSE,5279,1,ROLEXRINGS,ROLEXRINGS-EQ,EQ,,0,
NSE,13182,1,ROHLTD,ROHLTD-EQ,EQ,,0,
NSE,11975,1,RML,RML-EQ,EQ,,0,
NSE,11411,1,RKFORGE,RKFORGE-EQ,EQ,,0,
NSE,1547,1,RKEC,RKEC-EQ,EQ,,0,
NSE,3761,1,RITES,RITES-EQ,EQ,,0,
NSE,8944,1,RITCO,RITCO-EQ,EQ,,0,
NSE,2912,1,RIIL,RIIL-EQ,EQ,,0,
NSE,2909,1,RICOAUTO,RICOAUTO-EQ,EQ,,0,
NSE,15157,1,RHL,RHL-EQ,EQ,,0,
NSE,31163,1,RHIM,RHIM-EQ,EQ,,0,
NSE,21733,1,RHFL,RHFL-EQ,EQ,,0,
NSE,15129,1,RGL,RGL-EQ,EQ,,0,
NSE,11961,1,REVATHI,REVATHI-EQ,EQ,,0,
NSE,20323,1,RESPONIND,RESPONIND-EQ,EQ,,0,
NSE,13126,1,REPRO,REPRO-EQ,EQ,,0,
NSE,1480,1,REPL,REPL-EQ,EQ,,0,
NSE,29598,1,REPCOHOME,REPCOHOME-EQ,EQ,,0,
NSE,12026,1,RENUKA,RENUKA-EQ,EQ,,0,
NSE,3965,1,REMSONSIND,REMSONSIND-EQ,EQ,,0,
NSE,553,1,RELINFRA,RELINFRA-EQ,EQ,,0,
NSE,15068,1,RELIGARE,RELIGARE-EQ,EQ,,0,
NSE,2885,1,RELIANCE,RELIANCE-EQ,EQ,,0,
NSE,9652,1,RELCHEMQ,RELCHEMQ-EQ,EQ,,0,
NSE,24225,1,RELAXO,RELAXO-EQ,EQ,,0,
NSE,17764,1,REFEX,REFEX-EQ,EQ,,0,
NSE,14255,1,REDINGTON,REDINGTON-EQ,EQ,,0,
NSE,15355,1,RECLTD,RECLTD-EQ,EQ,,0,
NSE,2866,1,RCF,RCF-EQ,EQ,,0,
NSE,18391,1,RBLBANK,RBLBANK-EQ,EQ,,0,
NSE,16745,1,RBL,RBL-EQ,EQ,,0,
NSE,1494,1,RBA,RBA-EQ,EQ,,0,
NSE,2859,1,RAYMOND,RAYMOND-EQ,EQ,,0,
NSE,13451,1,RATNAMANI,RATNAMANI-EQ,EQ,,0,
NSE,7177,1,RATEGAIN,RATEGAIN-EQ,EQ,,0,
NSE,2844,1,RANEHOLDIN,RANEHOLDIN-EQ,EQ,,0,
NSE,2837,1,RANASUG,RANASUG-EQ,EQ,,0,
NSE,10485,1,RAMRAT,RAMRAT-EQ,EQ,,0,
NSE,20134,1,RAMKY,RAMKY-EQ,EQ,,0,
NSE,7851,1,RAMCOSYS,RAMCOSYS-EQ,EQ,,0,
NSE,4587,1,RAMCOIND,RAMCOIND-EQ,EQ,,0,
NSE,2043,1,RAMCOCEM,RAMCOCEM-EQ,EQ,,0,
NSE,10300,1,RAMASTEEL,RAMASTEEL-EQ,EQ,,0,
NSE,10568,1,RAMAPHO,RAMAPHO-EQ,EQ,,0,
NSE,13565,1,RAMANEWS,RAMANEWS-EQ,EQ,,0,
NSE,2816,1,RALLIS,RALLIS-EQ,EQ,,0,
NSE,14403,1,RAJTV,RAJTV-EQ,EQ,,0,
NSE,2809,1,RAJSREESUG,RAJSREESUG-EQ,EQ,,0,
NSE,18962,1,RAJRATAN,RAJRATAN-EQ,EQ,,0,
NSE,2168,1,RAJMET,RAJMET-EQ,EQ,,0,
NSE,7401,1,RAJESHEXPO,RAJESHEXPO-EQ,EQ,,0,
NSE,9408,1,RAINBOW,RAINBOW-EQ,EQ,,0,
NSE,15337,1,RAIN,RAIN-EQ,EQ,,0,
NSE,2431,1,RAILTEL,RAILTEL-EQ,EQ,,0,
NSE,19877,1,RADIOCITY,RADIOCITY-EQ,EQ,,0,
NSE,10990,1,RADICO,RADICO-EQ,EQ,,0,
NSE,13580,1,RADIANTCMS,RADIANTCMS-EQ,EQ,,0,
NSE,10343,1,RADHIKAJWE,RADHIKAJWE-EQ,EQ,,0,
NSE,15391,1,RACE,RACE-EQ,EQ,,0,
NSE,13116,1,QUICKHEAL,QUICKHEAL-EQ,EQ,,0,
NSE,17704,1,QUESS,QUESS-EQ,EQ,,0,
NSE,16819,1,QNIFTY,QNIFTY-EQ,EQ,,0,
NSE,15330,1,QGOLDHALF,QGOLDHALF-EQ,EQ,,0,
NSE,13147,1,PVRINOX,PVRINOX-EQ,EQ,,0,
NSE,4010,1,PVP,PVP-EQ,EQ,,0,
NSE,14922,1,PURVA,PURVA-EQ,EQ,,0,
NSE,4344,1,PUNJABCHEM,PUNJABCHEM-EQ,EQ,,0,
NSE,14101,1,PTL,PTL-EQ,EQ,,0,
NSE,11355,1,PTC,PTC-EQ,EQ,,0,
NSE,15032,1,PSUBNKBEES,PSUBNKBEES-EQ,EQ,,0,
NSE,14584,1,PSUBANKICI,PSUBANKICI-EQ,EQ,,0,
NSE,20877,1,PSPPROJECT,PSPPROJECT-EQ,EQ,,0,
NSE,21001,1,PSB,PSB-EQ,EQ,,0,
NSE,9553,1,PRUDENT,PRUDENT-EQ,EQ,,0,
NSE,2739,1,PRSMJOHNSN,PRSMJOHNSN-EQ,EQ,,0,
NSE,28859,1,PROZONINTU,PROZONINTU-EQ,EQ,,0,
NSE,8825,1,PRIVISCL,PRIVISCL-EQ,EQ,,0,
NSE,5292,1,PRITIKAUTO,PRITIKAUTO-EQ,EQ,,0,
NSE,8304,1,PRITI,PRITI-EQ,EQ,,0,
NSE,16045,1,PRINCEPIPE,PRINCEPIPE-EQ,EQ,,0,
NSE,11864,1,PRIMESECU,PRIMESECU-EQ,EQ,,0,
NSE,19631,1,PRICOLLTD,PRICOLLTD-EQ,EQ,,0,
NSE,20302,1,PRESTIGE,PRESTIGE-EQ,EQ,,0,
NSE,11671,1,PRESSMN,PRESSMN-EQ,EQ,,0,
NSE,3908,1,PREMIERPOL,PREMIERPOL-EQ,EQ,,0,
NSE,17397,1,PREMEXPLN,PREMEXPLN-EQ,EQ,,0,
NSE,2717,1,PRECWIRE,PRECWIRE-EQ,EQ,,0,
NSE,2711,1,PRECOT,PRECOT-EQ,EQ,,0,
NSE,12603,1,PRECAM,PRECAM-EQ,EQ,,0,
NSE,1204,1,PRAXIS,PRAXIS-EQ,EQ,,0,
NSE,19599,1,PRAKASHSTL,PRAKASHSTL-EQ,EQ,,0,
NSE,2708,1,PRAKASH,PRAKASH-EQ,EQ,,0,
NSE,2705,1,PRAJIND,PRAJIND-EQ,EQ,,0,
NSE,13941,1,PRAENG,PRAENG-EQ,EQ,,0,
NSE,11571,1,PPLPHARMA,PPLPHARMA-EQ,EQ,,0,
NSE,10297,1,PPL,PPL-EQ,EQ,,0,
NSE,15209,1,PPAP,PPAP-EQ,EQ,,0,
NSE,10473,1,POWERMECH,POWERMECH-EQ,EQ,,0,
NSE,18457,1,POWERINDIA,POWERINDIA-EQ,EQ,,0,
NSE,14977,1,POWERGRID,POWERGRID-EQ,EQ,,0,
NSE,11403,1,POONAWALLA,POONAWALLA-EQ,EQ,,0,
NSE,10661,1,PONNIERODE,PONNIERODE-EQ,EQ,,0,
NSE,2687,1,POLYPLEX,POLYPLEX-EQ,EQ,,0,
NSE,25718,1,POLYMED,POLYMED-EQ,EQ,,0,
NSE,9590,1,POLYCAB,POLYCAB-EQ,EQ,,0,
NSE,6656,1,POLICYBZR,POLICYBZR-EQ,EQ,,0,
NSE,17651,1,POKARNA,POKARNA-EQ,EQ,,0,
NSE,19036,1,PODDARMENT,PODDARMENT-EQ,EQ,,0,
NSE,20446,1,PODDARHOUS,PODDARHOUS-EQ,EQ,,0,
NSE,14385,1,POCL,POCL-EQ,EQ,,0,
NSE,9385,1,PNCINFRA,PNCINFRA-EQ,EQ,,0,
NSE,9342,1,PNC,PNC-EQ,EQ,,0,
NSE,18908,1,PNBHOUSING,PNBHOUSING-EQ,EQ,,0,
NSE,8736,1,PNBGILTS,PNBGILTS-EQ,EQ,,0,
NSE,10666,1,PNB,PNB-EQ,EQ,,0,
NSE,13920,1,PLASTIBLEN,PLASTIBLEN-EQ,EQ,,0,
NSE,9087,1,PIXTRANS,PIXTRANS-EQ,EQ,,0,
NSE,14134,1,PITTIENG,PITTIENG-EQ,EQ,,0,
NSE,13463,1,PIONEEREMB,PIONEEREMB-EQ,EQ,,0,
NSE,30835,1,PILITA,PILITA-EQ,EQ,,0,
NSE,11445,1,PILANIINVS,PILANIINVS-EQ,EQ,,0,
NSE,24184,1,PIIND,PIIND-EQ,EQ,,0,
NSE,15716,1,PIGL,PIGL-EQ,EQ,,0,
NSE,2664,1,PIDILITIND,PIDILITIND-EQ,EQ,,0,
NSE,14552,1,PHOENIXLTD,PHOENIXLTD-EQ,EQ,,0,
NSE,4973,1,PHARMABEES,PHARMABEES-EQ,EQ,,0,
NSE,14260,1,PGIL,PGIL-EQ,EQ,,0,
NSE,940,1,PGHL,PGHL-EQ,EQ,,0,
NSE,2535,1,PGHH,PGHH-EQ,EQ,,0,
NSE,25358,1,PGEL,PGEL-EQ,EQ,,0,
NSE,22602,1,PFS,PFS-EQ,EQ,,0,
NSE,13496,1,PFOCUS,PFOCUS-EQ,EQ,,0,
NSE,2643,1,PFIZER,PFIZER-EQ,EQ,,0,
NSE,14299,1,PFC,PFC-EQ,EQ,,0,
NSE,11351,1,PETRONET,PETRONET-EQ,EQ,,0,
NSE,18365,1,PERSISTENT,PERSISTENT-EQ,EQ,,0,
NSE,2256,1,PENINLAND,PENINLAND-EQ,EQ,,0,
NSE,20621,1,PENIND,PENIND-EQ,EQ,,0,
NSE,2412,1,PEL,PEL-EQ,EQ,,0,
NSE,2610,1,PEARLPOLY,PEARLPOLY-EQ,EQ,,0,
NSE,5264,1,PDSL,PDSL-EQ,EQ,,0,
NSE,15377,1,PDMJEPAPER,PDMJEPAPER-EQ,EQ,,0,
NSE,29124,1,PCJEWELLER,PCJEWELLER-EQ,EQ,,0,
NSE,2649,1,PCBL,PCBL-EQ,EQ,,0,
NSE,6705,1,PAYTM,PAYTM-EQ,EQ,,0,
NSE,15219,1,PATINTLOG,PATINTLOG-EQ,EQ,,0,
NSE,6045,1,PASUPTAC,PASUPTAC-EQ,EQ,,0,
NSE,13791,1,PARSVNATH,PARSVNATH-EQ,EQ,,0,
NSE,5911,1,PARAS,PARAS-EQ,EQ,,0,
NSE,17130,1,PARAGMILK,PARAGMILK-EQ,EQ,,0,
NSE,9741,1,PARADEEP,PARADEEP-EQ,EQ,,0,
NSE,13951,1,PARACABLES,PARACABLES-EQ,EQ,,0,
NSE,5631,1,PAR,PAR-EQ,EQ,,0,
NSE,6141,1,PANSARI,PANSARI-EQ,EQ,,0,
NSE,25392,1,PANAMAPET,PANAMAPET-EQ,EQ,,0,
NSE,16292,1,PANACHE,PANACHE-EQ,EQ,,0,
NSE,4055,1,PANACEABIO,PANACEABIO-EQ,EQ,,0,
NSE,17062,1,PALREDTEC,PALREDTEC-EQ,EQ,,0,
NSE,21383,1,PALASHSECU,PALASHSECU-EQ,EQ,,0,
NSE,25468,1,PAISALO,PAISALO-EQ,EQ,,0,
NSE,14413,1,PAGEIND,PAGEIND-EQ,EQ,,0,
NSE,14305,1,OSWALSEEDS,OSWALSEEDS-EQ,EQ,,0,
NSE,471,1,OSWALGREEN,OSWALGREEN-EQ,EQ,,0,
NSE,2514,1,OSWALAGRO,OSWALAGRO-EQ,EQ,,0,
NSE,12635,1,OSIAHYPER,OSIAHYPER-EQ,EQ,,0,
NSE,2979,1,ORTINLAB,ORTINLAB-EQ,EQ,,0,
NSE,19931,1,ORISSAMINE,ORISSAMINE-EQ,EQ,,0,
NSE,2496,1,ORIENTPPR,ORIENTPPR-EQ,EQ,,0,
NSE,18208,1,ORIENTLTD,ORIENTLTD-EQ,EQ,,0,
NSE,2493,1,ORIENTHOT,ORIENTHOT-EQ,EQ,,0,
NSE,2972,1,ORIENTELEC,ORIENTELEC-EQ,EQ,,0,
NSE,30089,1,ORIENTCEM,ORIENTCEM-EQ,EQ,,0,
NSE,14278,1,ORIENTBELL,ORIENTBELL-EQ,EQ,,0,
NSE,14346,1,ORIENTALTL,ORIENTALTL-EQ,EQ,,0,
NSE,13111,1,ORIENTABRA,ORIENTABRA-EQ,EQ,,0,
NSE,10159,1,ORICONENT,ORICONENT-EQ,EQ,,0,
NSE,31475,1,ORBTEXP,ORBTEXP-EQ,EQ,,0,
NSE,21469,1,OPTIEMUS,OPTIEMUS-EQ,EQ,,0,
NSE,2481,1,ONWARDTEC,ONWARDTEC-EQ,EQ,,0,
NSE,15278,1,ONMOBILE,ONMOBILE-EQ,EQ,,0,
NSE,2475,1,ONGC,ONGC-EQ,EQ,,0,
NSE,9939,1,ONEPOINT,ONEPOINT-EQ,EQ,,0,
NSE,25492,1,ONELIFECAP,ONELIFECAP-EQ,EQ,,0,
NSE,24231,1,OMINFRAL,OMINFRAL-EQ,EQ,,0,
NSE,14853,1,OMAXE,OMAXE-EQ,EQ,,0,
NSE,10637,1,OLECTRA,OLECTRA-EQ,EQ,,0,
NSE,2472,1,OILCOUNTUB,OILCOUNTUB-EQ,EQ,,0,
NSE,17438,1,OIL,OIL-EQ,EQ,,0,
NSE,10738,1,OFSS,OFSS-EQ,EQ,,0,
NSE,12231,1,OCCL,OCCL-EQ,EQ,,0,
NSE,20242,1,OBEROIRLTY,OBEROIRLTY-EQ,EQ,,0,
NSE,8797,1,OBCL,OBCL-EQ,EQ,,0,
NSE,10768,1,OAL,OAL-EQ,EQ,,0,
NSE,6545,1,NYKAA,NYKAA-EQ,EQ,,0,
NSE,9847,1,NV20BEES,NV20BEES-EQ,EQ,,0,
NSE,5426,1,NUVOCO,NUVOCO-EQ,EQ,,0,
NSE,2350,1,NURECA,NURECA-EQ,EQ,,0,
NSE,10791,1,NUCLEUS,NUCLEUS-EQ,EQ,,0,
NSE,11630,1,NTPC,NTPC-EQ,EQ,,0,
NSE,14180,1,NSLNISP,NSLNISP-EQ,EQ,,0,
NSE,11239,1,NSIL,NSIL-EQ,EQ,,0,
NSE,13675,1,NRL,NRL-EQ,EQ,,0,
NSE,7553,1,NRBBEARING,NRBBEARING-EQ,EQ,,0,
NSE,20314,1,NRAIL,NRAIL-EQ,EQ,,0,
NSE,12978,1,NPBET,NPBET-EQ,EQ,,0,
NSE,9007,1,NOVARTIND,NOVARTIND-EQ,EQ,,0,
NSE,4160,1,NORBTEAEXP,NORBTEAEXP-EQ,EQ,,0,
NSE,10786,1,NOIDATOLL,NOIDATOLL-EQ,EQ,,0,
NSE,2442,1,NOCIL,NOCIL-EQ,EQ,,0,
NSE,15332,1,NMDC,NMDC-EQ,EQ,,0,
NSE,8585,1,NLCINDIA,NLCINDIA-EQ,EQ,,0,
NSE,2439,1,NKIND,NKIND-EQ,EQ,,0,
NSE,3247,1,NITIRAJ,NITIRAJ-EQ,EQ,,0,
NSE,13175,1,NITINSPIN,NITINSPIN-EQ,EQ,,0,
NSE,13300,1,NITCO,NITCO-EQ,EQ,,0,
NSE,255,1,NIRAJ,NIRAJ-EQ,EQ,,0,
NSE,6782,1,NIPPOBATRY,NIPPOBATRY-EQ,EQ,,0,
NSE,14194,1,NINSYS,NINSYS-EQ,EQ,,0,
NSE,2421,1,NILKAMAL,NILKAMAL-EQ,EQ,,0,
NSE,7411,1,NILASPACES,NILASPACES-EQ,EQ,,0,
NSE,9253,1,NILAINFRA,NILAINFRA-EQ,EQ,,0,
NSE,11522,1,NIITLTD,NIITLTD-EQ,EQ,,0,
NSE,10690,1,NIFTYQLITY,NIFTYQLITY-EQ,EQ,,0,
NSE,10576,1,NIFTYBEES,NIFTYBEES-EQ,EQ,,0,
NSE,29577,1,NIF100BEES,NIF100BEES-EQ,EQ,,0,
NSE,29733,1,NIBL,NIBL-EQ,EQ,,0,
NSE,399,1,NIACL,NIACL-EQ,EQ,,0,
NSE,17400,1,NHPC,NHPC-EQ,EQ,,0,
NSE,11840,1,NH,NH-EQ,EQ,,0,
NSE,10277,1,NGLFINE,NGLFINE-EQ,EQ,,0,
NSE,5401,1,NGIL,NGIL-EQ,EQ,,0,
NSE,13925,1,NFL,NFL-EQ,EQ,,0,
NSE,9867,1,NEXTMEDIA,NEXTMEDIA-EQ,EQ,,0,
NSE,1164,1,NEWGEN,NEWGEN-EQ,EQ,,0,
NSE,2406,1,NEULANDLAB,NEULANDLAB-EQ,EQ,,0,
NSE,14111,1,NETWORK18,NETWORK18-EQ,EQ,,0,
NSE,7838,1,NETF,NETF-EQ,EQ,,0,
NSE,17963,1,NESTLEIND,NESTLEIND-EQ,EQ,,0,
NSE,15409,1,NESCO,NESCO-EQ,EQ,,0,
NSE,9917,1,NEOGEN,NEOGEN-EQ,EQ,,0,
NSE,2388,1,NELCO,NELCO-EQ,EQ,,0,
NSE,14761,1,NELCAST,NELCAST-EQ,EQ,,0,
NSE,11927,1,NECLIFE,NECLIFE-EQ,EQ,,0,
NSE,13522,1,NECCLTD,NECCLTD-EQ,EQ,,0,
NSE,11427,1,NDTV,NDTV-EQ,EQ,,0,
NSE,22255,1,NDRAUTO,NDRAUTO-EQ,EQ,,0,
NSE,14547,1,NDLVENTURE,NDLVENTURE-EQ,EQ,,0,
NSE,31258,1,NDL,NDL-EQ,EQ,,0,
NSE,14490,1,NCLIND,NCLIND-EQ,EQ,,0,
NSE,2319,1,NCC,NCC-EQ,EQ,,0,
NSE,19111,1,NBIFIN,NBIFIN-EQ,EQ,,0,
NSE,31415,1,NBCC,NBCC-EQ,EQ,,0,
NSE,2987,1,NAZARA,NAZARA-EQ,EQ,,0,
NSE,2385,1,NAVNETEDUL,NAVNETEDUL-EQ,EQ,,0,
NSE,10557,1,NAVKARCORP,NAVKARCORP-EQ,EQ,,0,
NSE,14672,1,NAVINFLUOR,NAVINFLUOR-EQ,EQ,,0,
NSE,4014,1,NAVA,NAVA-EQ,EQ,,0,
NSE,13751,1,NAUKRI,NAUKRI-EQ,EQ,,0,
NSE,6364,1,NATIONALUM,NATIONALUM-EQ,EQ,,0,
NSE,11065,1,NATHBIOGEN,NATHBIOGEN-EQ,EQ,,0,
NSE,3918,1,NATCOPHARM,NATCOPHARM-EQ,EQ,,0,
NSE,11627,1,NARMADA,NARMADA-EQ,EQ,,0,
NSE,357,1,NAM-INDIA,NAM-INDIA-EQ,EQ,,0,
NSE,14440,1,NAHARSPING,NAHARSPING-EQ,EQ,,0,
NSE,14445,1,NAHARPOLY,NAHARPOLY-EQ,EQ,,0,
NSE,13106,1,NAHARINDUS,NAHARINDUS-EQ,EQ,,0,
NSE,15360,1,NAHARCAP,NAHARCAP-EQ,EQ,,0,
NSE,14702,1,NAGREEKEXP,NAGREEKEXP-EQ,EQ,,0,
NSE,14942,1,NAGREEKCAP,NAGREEKCAP-EQ,EQ,,0,
NSE,17295,1,NAGAFERT,NAGAFERT-EQ,EQ,,0,
NSE,20425,1,NACLIND,NACLIND-EQ,EQ,,0,
NSE,12848,1,N1NSETEST,N1NSETEST-EQ,EQ,,0,
NSE,23650,1,MUTHOOTFIN,MUTHOOTFIN-EQ,EQ,,0,
NSE,10415,1,MUTHOOTCAP,MUTHOOTCAP-EQ,EQ,,0,
NSE,2313,1,MURUDCERA,MURUDCERA-EQ,EQ,,0,
NSE,2307,1,MUNJALSHOW,MUNJALSHOW-EQ,EQ,,0,
NSE,13511,1,MUNJALAU,MUNJALAU-EQ,EQ,,0,
NSE,8687,1,MUKTAARTS,MUKTAARTS-EQ,EQ,,0,
NSE,11325,1,MUKANDLTD,MUKANDLTD-EQ,EQ,,0,
NSE,2294,1,MTNL,MTNL-EQ,EQ,,0,
NSE,2709,1,MTARTECH,MTARTECH-EQ,EQ,,0,
NSE,8596,1,MSUMI,MSUMI-EQ,EQ,,0,
NSE,9356,1,MSTCLTD,MSTCLTD-EQ,EQ,,0,
NSE,11919,1,MSPL,MSPL-EQ,EQ,,0,
NSE,2283,1,MRPL,MRPL-EQ,EQ,,0,
NSE,8998,1,MRO-TEK,MRO-TEK-EQ,EQ,,0,
NSE,2277,1,MRF,MRF-EQ,EQ,,0,
NSE,10578,1,MPSLTD,MPSLTD-EQ,EQ,,0,
NSE,4503,1,MPHASIS,MPHASIS-EQ,EQ,,0,
NSE,10825,1,MOVALUE,MOVALUE-EQ,EQ,,0,
NSE,2268,1,MOTOGENFIN,MOTOGENFIN-EQ,EQ,,0,
NSE,14947,1,MOTILALOFS,MOTILALOFS-EQ,EQ,,0,
NSE,4204,1,MOTHERSON,MOTHERSON-EQ,EQ,,0,
NSE,2259,1,MOREPENLAB,MOREPENLAB-EQ,EQ,,0,
NSE,28877,1,MORARJEE,MORARJEE-EQ,EQ,,0,
NSE,10822,1,MOQUALITY,MOQUALITY-EQ,EQ,,0,
NSE,5938,1,MONTECARLO,MONTECARLO-EQ,EQ,,0,
NSE,7422,1,MONQ50,MONQ50-EQ,EQ,,0,
NSE,7679,1,MONARCH,MONARCH-EQ,EQ,,0,
NSE,22739,1,MON100,MON100-EQ,EQ,,0,
NSE,8182,1,MOMOMENTUM,MOMOMENTUM-EQ,EQ,,0,
NSE,10693,1,MOMENTUM,MOMENTUM-EQ,EQ,,0,
NSE,19289,1,MOM50,MOM50-EQ,EQ,,0,
NSE,21423,1,MOM100,MOM100-EQ,EQ,,0,
NSE,8654,1,MOLOWVOL,MOLOWVOL-EQ,EQ,,0,
NSE,6713,1,MOLDTKPAC,MOLDTKPAC-EQ,EQ,,0,
NSE,17625,1,MOLDTECH,MOLDTECH-EQ,EQ,,0,
NSE,5394,1,MOL,MOL-EQ,EQ,,0,
NSE,3586,1,MOKSH,MOKSH-EQ,EQ,,0,
NSE,20830,1,MOIL,MOIL-EQ,EQ,,0,
NSE,29423,1,MOHITIND,MOHITIND-EQ,EQ,,0,
NSE,10508,1,MOHEALTH,MOHEALTH-EQ,EQ,,0,
NSE,1507,1,MOGSEC,MOGSEC-EQ,EQ,,0,
NSE,3316,1,MODISONLTD,MODISONLTD-EQ,EQ,,0,
NSE,17957,1,MMTC,MMTC-EQ,EQ,,0,
NSE,16395,1,MMP,MMP-EQ,EQ,,0,
NSE,13844,1,MMFL,MMFL-EQ,EQ,,0,
NSE,18562,1,MITTAL,MITTAL-EQ,EQ,,0,
NSE,8469,1,MITCON,MITCON-EQ,EQ,,0,
NSE,2202,1,MIRCELECTR,MIRCELECTR-EQ,EQ,,0,
NSE,18049,1,MINDTECK,MINDTECK-EQ,EQ,,0,
NSE,25897,1,MINDACORP,MINDACORP-EQ,EQ,,0,
NSE,2463,1,MIDHANI,MIDHANI-EQ,EQ,,0,
NSE,8506,1,MID150BEES,MID150BEES-EQ,EQ,,0,
NSE,17333,1,MHRIL,MHRIL-EQ,EQ,,0,
NSE,7886,1,MHLXMIRU,MHLXMIRU-EQ,EQ,,0,
NSE,17534,1,MGL,MGL-EQ,EQ,,0,
NSE,2142,1,MFSL,MFSL-EQ,EQ,,0,
NSE,5382,1,MFL,MFL-EQ,EQ,,0,
NSE,9581,1,METROPOLIS,METROPOLIS-EQ,EQ,,0,
NSE,7242,1,METROBRAND,METROBRAND-EQ,EQ,,0,
NSE,8771,1,MEP,MEP-EQ,EQ,,0,
NSE,6961,1,MENONBE,MENONBE-EQ,EQ,,0,
NSE,8153,1,MEGASTAR,MEGASTAR-EQ,EQ,,0,
NSE,14793,1,MEGASOFT,MEGASOFT-EQ,EQ,,0,
NSE,7254,1,MEDPLUS,MEDPLUS-EQ,EQ,,0,
NSE,9667,1,MEDICO,MEDICO-EQ,EQ,,0,
NSE,6278,1,MEDICAMEQ,MEDICAMEQ-EQ,EQ,,0,
NSE,11956,1,MEDANTA,MEDANTA-EQ,EQ,,0,
NSE,31181,1,MCX,MCX-EQ,EQ,,0,
NSE,11943,1,MCLEODRUSS,MCLEODRUSS-EQ,EQ,,0,
NSE,22360,1,MCL,MCL-EQ,EQ,,0,
NSE,10447,1,MCDOWELL-N,MCDOWELL-N-EQ,EQ,,0,
NSE,18029,1,MBLINFRA,MBLINFRA-EQ,EQ,,0,
NSE,12686,1,MBAPL,MBAPL-EQ,EQ,,0,
NSE,509,1,MAZDOCK,MAZDOCK-EQ,EQ,,0,
NSE,18866,1,MAZDA,MAZDA-EQ,EQ,,0,
NSE,28906,1,MAYURUNIQ,MAYURUNIQ-EQ,EQ,,0,
NSE,17468,1,MAXVIL,MAXVIL-EQ,EQ,,0,
NSE,22428,1,MAXIND,MAXIND-EQ,EQ,,0,
NSE,22377,1,MAXHEALTH,MAXHEALTH-EQ,EQ,,0,
NSE,17022,1,MAWANASUG,MAWANASUG-EQ,EQ,,0,
NSE,21726,1,MATRIMONY,MATRIMONY-EQ,EQ,,0,
NSE,2124,1,MASTEK,MASTEK-EQ,EQ,,0,
NSE,5782,1,MASPTOP50,MASPTOP50-EQ,EQ,,0,
NSE,199,1,MASFIN,MASFIN-EQ,EQ,,0,
NSE,10999,1,MARUTI,MARUTI-EQ,EQ,,0,
NSE,6757,1,MARSHALL,MARSHALL-EQ,EQ,,0,
NSE,10579,1,MARKSANS,MARKSANS-EQ,EQ,,0,
NSE,1328,1,MARINE,MARINE-EQ,EQ,,0,
NSE,4067,1,MARICO,MARICO-EQ,EQ,,0,
NSE,18659,1,MARATHON,MARATHON-EQ,EQ,,0,
NSE,2112,1,MARALOVER,MARALOVER-EQ,EQ,,0,
NSE,7227,1,MAPMYINDIA,MAPMYINDIA-EQ,EQ,,0,
NSE,8167,1,MANYAVAR,MANYAVAR-EQ,EQ,,0,
NSE,17181,1,MANXT50,MANXT50-EQ,EQ,,0,
NSE,14786,1,MANV30F,MANV30F-EQ,EQ,,0,
NSE,13572,1,MANUGRAPH,MANUGRAPH-EQ,EQ,,0,
NSE,6422,1,MANORG,MANORG-EQ,EQ,,0,
NSE,15380,1,MANKIND,MANKIND-EQ,EQ,,0,
NSE,18226,1,MANINFRA,MANINFRA-EQ,EQ,,0,
NSE,11884,1,MANINDS,MANINDS-EQ,EQ,,0,
NSE,2106,1,MANGLMCEM,MANGLMCEM-EQ,EQ,,0,
NSE,15007,1,MANGCHEFER,MANGCHEFER-EQ,EQ,,0,
NSE,11817,1,MANGALAM,MANGALAM-EQ,EQ,,0,
NSE,19061,1,MANAPPURAM,MANAPPURAM-EQ,EQ,,0,
NSE,13796,1,MANALIPETC,MANALIPETC-EQ,EQ,,0,
NSE,7463,1,MANAKSTEEL,MANAKSTEEL-EQ,EQ,,0,
NSE,15199,1,MANAKSIA,MANAKSIA-EQ,EQ,,0,
NSE,7413,1,MANAKCOAT,MANAKCOAT-EQ,EQ,,0,
NSE,7420,1,MANAKALUCO,MANAKALUCO-EQ,EQ,,0,
NSE,6353,1,MAN50ETF,MAN50ETF-EQ,EQ,,0,
NSE,7979,1,MAMFGETF,MAMFGETF-EQ,EQ,,0,
NSE,8413,1,MAM150ETF,MAM150ETF-EQ,EQ,,0,
NSE,13352,1,MALUPAPER,MALUPAPER-EQ,EQ,,0,
NSE,7965,1,MALLCOM,MALLCOM-EQ,EQ,,0,
NSE,24538,1,MAITHANALL,MAITHANALL-EQ,EQ,,0,
NSE,2088,1,MAHSEAMLES,MAHSEAMLES-EQ,EQ,,0,
NSE,2085,1,MAHSCOOTER,MAHSCOOTER-EQ,EQ,,0,
NSE,385,1,MAHLOG,MAHLOG-EQ,EQ,,0,
NSE,8050,1,MAHLIFE,MAHLIFE-EQ,EQ,,0,
NSE,7074,1,MAHKTECH,MAHKTECH-EQ,EQ,,0,
NSE,14937,1,MAHINDCIE,MAHINDCIE-EQ,EQ,,0,
NSE,9576,1,MAHESHWARI,MAHESHWARI-EQ,EQ,,0,
NSE,17603,1,MAHEPC,MAHEPC-EQ,EQ,,0,
NSE,17527,1,MAHASTEEL,MAHASTEEL-EQ,EQ,,0,
NSE,5239,1,MAHAPEXLTD,MAHAPEXLTD-EQ,EQ,,0,
NSE,11377,1,MAHABANK,MAHABANK-EQ,EQ,,0,
NSE,14938,1,MAGS813ETF,MAGS813ETF-EQ,EQ,,0,
NSE,14286,1,MAGOLDETF,MAGOLDETF-EQ,EQ,,0,
NSE,14957,1,MAGNUM,MAGNUM-EQ,EQ,,0,
NSE,21392,1,MAGADSUGAR,MAGADSUGAR-EQ,EQ,,0,
NSE,5220,1,MAFSETF,MAFSETF-EQ,EQ,,0,
NSE,3507,1,MAFANG,MAFANG-EQ,EQ,,0,
NSE,1200,1,MAESGETF,MAESGETF-EQ,EQ,,0,
NSE,4911,1,MADRASFERT,MADRASFERT-EQ,EQ,,0,
NSE,13671,1,MADHUCON,MADHUCON-EQ,EQ,,0,
NSE,15151,1,MADHAV,MADHAV-EQ,EQ,,0,
NSE,22347,1,MACPOWER,MACPOWER-EQ,EQ,,0,
NSE,15017,1,MAANALU,MAANALU-EQ,EQ,,0,
NSE,13285,1,M&MFIN,M&MFIN-EQ,EQ,,0,
NSE,2031,1,M&M,M&M-EQ,EQ,,0,
NSE,31468,1,LYPSAGEMS,LYPSAGEMS-EQ,EQ,,0,
NSE,2028,1,LYKALABS,LYKALABS-EQ,EQ,,0,
NSE,2841,1,LXCHEM,LXCHEM-EQ,EQ,,0,
NSE,11301,1,LUXIND,LUXIND-EQ,EQ,,0,
NSE,10440,1,LUPIN,LUPIN-EQ,EQ,,0,
NSE,14014,1,LUMAXTECH,LUMAXTECH-EQ,EQ,,0,
NSE,2018,1,LUMAXIND,LUMAXIND-EQ,EQ,,0,
NSE,18564,1,LTTS,LTTS-EQ,EQ,,0,
NSE,17818,1,LTIM,LTIM-EQ,EQ,,0,
NSE,17700,1,LTGILTBEES,LTGILTBEES-EQ,EQ,,0,
NSE,11483,1,LT,LT-EQ,EQ,,0,
NSE,17801,1,LSIL,LSIL-EQ,EQ,,0,
NSE,16863,1,LPDC,LPDC-EQ,EQ,,0,
NSE,10590,1,LOYALTEX,LOYALTEX-EQ,EQ,,0,
NSE,22415,1,LOVABLE,LOVABLE-EQ,EQ,,0,
NSE,16807,1,LOTUSEYE,LOTUSEYE-EQ,EQ,,0,
NSE,13436,1,LOKESHMACH,LOKESHMACH-EQ,EQ,,0,
NSE,3220,1,LODHA,LODHA-EQ,EQ,,0,
NSE,1927,1,LIQUIDETF,LIQUIDETF-EQ,EQ,,0,
NSE,11006,1,LIQUIDBEES,LIQUIDBEES-EQ,EQ,,0,
NSE,1627,1,LINDEINDIA,LINDEINDIA-EQ,EQ,,0,
NSE,11596,1,LINCOLN,LINCOLN-EQ,EQ,,0,
NSE,6951,1,LINC,LINC-EQ,EQ,,0,
NSE,578,1,LIKHITHA,LIKHITHA-EQ,EQ,,0,
NSE,15229,1,LICNFNHGP,LICNFNHGP-EQ,EQ,,0,
NSE,11441,1,LICNETFSEN,LICNETFSEN-EQ,EQ,,0,
NSE,11319,1,LICNETFN50,LICNETFN50-EQ,EQ,,0,
NSE,6062,1,LICNETFGSC,LICNETFGSC-EQ,EQ,,0,
NSE,9480,1,LICI,LICI-EQ,EQ,,0,
NSE,1997,1,LICHSGFIN,LICHSGFIN-EQ,EQ,,0,
NSE,1994,1,LIBERTSHOE,LIBERTSHOE-EQ,EQ,,0,
NSE,11082,1,LIBAS,LIBAS-EQ,EQ,,0,
NSE,16845,1,LGBFORGE,LGBFORGE-EQ,EQ,,0,
NSE,18321,1,LGBBROSLTD,LGBBROSLTD-EQ,EQ,,0,
NSE,7902,1,LFIC,LFIC-EQ,EQ,,0,
NSE,14459,1,LEXUS,LEXUS-EQ,EQ,,0,
NSE,2606,1,LEMONTREE,LEMONTREE-EQ,EQ,,0,
NSE,7529,1,LCCINFOTEC,LCCINFOTEC-EQ,EQ,,0,
NSE,1979,1,LAXMIMACH,LAXMIMACH-EQ,EQ,,0,
NSE,6568,1,LAXMICOT,LAXMICOT-EQ,EQ,,0,
NSE,19234,1,LAURUSLABS,LAURUSLABS-EQ,EQ,,0,
NSE,15840,1,LATTEYS,LATTEYS-EQ,EQ,,0,
NSE,6818,1,LATENTVIEW,LATENTVIEW-EQ,EQ,,0,
NSE,21713,1,LASA,LASA-EQ,EQ,,0,
NSE,14423,1,LAOPALA,LAOPALA-EQ,EQ,,0,
NSE,13276,1,LANDMARK,LANDMARK-EQ,EQ,,0,
NSE,6407,1,LAMBODHARA,LAMBODHARA-EQ,EQ,,0,
NSE,11654,1,LALPATHLAB,LALPATHLAB-EQ,EQ,,0,
NSE,5865,1,LAGNAM,LAGNAM-EQ,EQ,,0,
NSE,24948,1,L&TFH,L&TFH-EQ,EQ,,0,
NSE,13870,1,KUANTUM,KUANTUM-EQ,EQ,,0,
NSE,8054,1,KTKBANK,KTKBANK-EQ,EQ,,0,
NSE,11060,1,KSOLVES,KSOLVES-EQ,EQ,,0,
NSE,18889,1,KSL,KSL-EQ,EQ,,0,
NSE,10407,1,KSHITIJPOL,KSHITIJPOL-EQ,EQ,,0,
NSE,14972,1,KSCL,KSCL-EQ,EQ,,0,
NSE,1949,1,KSB,KSB-EQ,EQ,,0,
NSE,5359,1,KRSNAA,KRSNAA-EQ,EQ,,0,
NSE,11432,1,KRITINUT,KRITINUT-EQ,EQ,,0,
NSE,9288,1,KRITIKA,KRITIKA-EQ,EQ,,0,
NSE,6417,1,KRITI,KRITI-EQ,EQ,,0,
NSE,12847,1,KRISHANA,KRISHANA-EQ,EQ,,0,
NSE,11480,1,KRIDHANINF,KRIDHANINF-EQ,EQ,,0,
NSE,1937,1,KREBSBIO,KREBSBIO-EQ,EQ,,0,
NSE,10577,1,KRBL,KRBL-EQ,EQ,,0,
NSE,14912,1,KPRMILL,KPRMILL-EQ,EQ,,0,
NSE,9683,1,KPITTECH,KPITTECH-EQ,EQ,,0,
NSE,5108,1,KPIGREEN,KPIGREEN-EQ,EQ,,0,
NSE,5192,1,KOVAI,KOVAI-EQ,EQ,,0,
NSE,5528,1,KOTHARIPRO,KOTHARIPRO-EQ,EQ,,0,
NSE,4594,1,KOTHARIPET,KOTHARIPET-EQ,EQ,,0,
NSE,11647,1,KOTARISUG,KOTARISUG-EQ,EQ,,0,
NSE,13082,1,KOTAKSILVE,KOTAKSILVE-EQ,EQ,,0,
NSE,15061,1,KOTAKPSUBK,KOTAKPSUBK-EQ,EQ,,0,
NSE,11457,1,KOTAKNV20,KOTAKNV20-EQ,EQ,,0,
NSE,18102,1,KOTAKNIFTY,KOTAKNIFTY-EQ,EQ,,0,
NSE,10676,1,KOTAKMNC,KOTAKMNC-EQ,EQ,,0,
NSE,8077,1,KOTAKMID50,KOTAKMID50-EQ,EQ,,0,
NSE,8632,1,KOTAKLOVOL,KOTAKLOVOL-EQ,EQ,,0,
NSE,13950,1,KOTAKLIQ,KOTAKLIQ-EQ,EQ,,0,
NSE,2627,1,KOTAKIT,KOTAKIT-EQ,EQ,,0,
NSE,14858,1,KOTAKGOLD,KOTAKGOLD-EQ,EQ,,0,
NSE,10512,1,KOTAKCONS,KOTAKCONS-EQ,EQ,,0,
NSE,5851,1,KOTAKBKETF,KOTAKBKETF-EQ,EQ,,0,
NSE,1922,1,KOTAKBANK,KOTAKBANK-EQ,EQ,,0,
NSE,7412,1,KOTAKALPHA,KOTAKALPHA-EQ,EQ,,0,
NSE,1919,1,KOPRAN,KOPRAN-EQ,EQ,,0,
NSE,15124,1,KOLTEPATIL,KOLTEPATIL-EQ,EQ,,0,
NSE,16827,1,KOKUYOCMLN,KOKUYOCMLN-EQ,EQ,,0,
NSE,15283,1,KNRCON,KNRCON-EQ,EQ,,0,
NSE,14667,1,KMSUGAR,KMSUGAR-EQ,EQ,,0,
NSE,13381,1,KKCL,KKCL-EQ,EQ,,0,
NSE,28899,1,KITEX,KITEX-EQ,EQ,,0,
NSE,15180,1,KIRLPNU,KIRLPNU-EQ,EQ,,0,
NSE,19025,1,KIRLOSIND,KIRLOSIND-EQ,EQ,,0,
NSE,20936,1,KIRLOSENG,KIRLOSENG-EQ,EQ,,0,
NSE,18581,1,KIRLOSBROS,KIRLOSBROS-EQ,EQ,,0,
NSE,14466,1,KIRLFER,KIRLFER-EQ,EQ,,0,
NSE,16639,1,KIRIINDUS,KIRIINDUS-EQ,EQ,,0,
NSE,19126,1,KIOCL,KIOCL-EQ,EQ,,0,
NSE,18944,1,KINGFA,KINGFA-EQ,EQ,,0,
NSE,4847,1,KIMS,KIMS-EQ,EQ,,0,
NSE,21119,1,KICL,KICL-EQ,EQ,,0,
NSE,3912,1,KHAITANLTD,KHAITANLTD-EQ,EQ,,0,
NSE,896,1,KHAICHEM,KHAICHEM-EQ,EQ,,0,
NSE,425,1,KHADIM,KHADIM-EQ,EQ,,0,
NSE,13359,1,KFINTECH,KFINTECH-EQ,EQ,,0,
NSE,4157,1,KEYFINSERV,KEYFINSERV-EQ,EQ,,0,
NSE,1859,1,KESORAMIND,KESORAMIND-EQ,EQ,,0,
NSE,11841,1,KENNAMET,KENNAMET-EQ,EQ,,0,
NSE,13430,1,KELLTONTEC,KELLTONTEC-EQ,EQ,,0,
NSE,13310,1,KEI,KEI-EQ,EQ,,0,
NSE,13260,1,KEC,KEC-EQ,EQ,,0,
NSE,14908,1,KDDL,KDDL-EQ,EQ,,0,
NSE,4809,1,KCPSUGIND,KCPSUGIND-EQ,EQ,,0,
NSE,1841,1,KCP,KCP-EQ,EQ,,0,
NSE,2354,1,KBCGLOBAL,KBCGLOBAL-EQ,EQ,,0,
NSE,12092,1,KAYNES,KAYNES-EQ,EQ,,0,
NSE,10276,1,KAYA,KAYA-EQ,EQ,,0,
NSE,15136,1,KAUSHALYA,KAUSHALYA-EQ,EQ,,0,
NSE,1838,1,KARURVYSYA,KARURVYSYA-EQ,EQ,,0,
NSE,24385,1,KARMAENG,KARMAENG-EQ,EQ,,0,
NSE,18967,1,KAPSTON,KAPSTON-EQ,EQ,,0,
NSE,1196,1,KANSAINER,KANSAINER-EQ,EQ,,0,
NSE,1782,1,KANPRPLA,KANPRPLA-EQ,EQ,,0,
NSE,1835,1,KANORICHEM,KANORICHEM-EQ,EQ,,0,
NSE,25786,1,KANANIIND,KANANIIND-EQ,EQ,,0,
NSE,13814,1,KAMOPAINTS,KAMOPAINTS-EQ,EQ,,0,
NSE,13457,1,KAMDHENU,KAMDHENU-EQ,EQ,,0,
NSE,2955,1,KALYANKJIL,KALYANKJIL-EQ,EQ,,0,
NSE,1814,1,KALPATPOWR,KALPATPOWR-EQ,EQ,,0,
NSE,1811,1,KAKATCEM,KAKATCEM-EQ,EQ,,0,
NSE,1808,1,KAJARIACER,KAJARIACER-EQ,EQ,,0,
NSE,1805,1,KABRAEXTRU,KABRAEXTRU-EQ,EQ,,0,
NSE,15146,1,JYOTHYLAB,JYOTHYLAB-EQ,EQ,,0,
NSE,20224,1,JWL,JWL-EQ,EQ,,0,
NSE,29962,1,JUSTDIAL,JUSTDIAL-EQ,EQ,,0,
NSE,10939,1,JUNIORBEES,JUNIORBEES-EQ,EQ,,0,
NSE,3637,1,JUBLPHARMA,JUBLPHARMA-EQ,EQ,,0,
NSE,2783,1,JUBLINGREA,JUBLINGREA-EQ,EQ,,0,
NSE,21541,1,JUBLINDS,JUBLINDS-EQ,EQ,,0,
NSE,18096,1,JUBLFOOD,JUBLFOOD-EQ,EQ,,0,
NSE,7287,1,JTLIND,JTLIND-EQ,EQ,,0,
NSE,3237,1,JTEKTINDIA,JTEKTINDIA-EQ,EQ,,0,
NSE,11723,1,JSWSTEEL,JSWSTEEL-EQ,EQ,,0,
NSE,4671,1,JSWISPL,JSWISPL-EQ,EQ,,0,
NSE,11880,1,JSWHL,JSWHL-EQ,EQ,,0,
NSE,17869,1,JSWENERGY,JSWENERGY-EQ,EQ,,0,
NSE,11236,1,JSL,JSL-EQ,EQ,,0,
NSE,11763,1,JPPOWER,JPPOWER-EQ,EQ,,0,
NSE,31507,1,JPOLYINVST,JPOLYINVST-EQ,EQ,,0,
NSE,11460,1,JPASSOCIAT,JPASSOCIAT-EQ,EQ,,0,
NSE,16927,1,JOCIL,JOCIL-EQ,EQ,,0,
NSE,13637,1,JMFINANCIL,JMFINANCIL-EQ,EQ,,0,
NSE,7109,1,JMA,JMA-EQ,EQ,,0,
NSE,14435,1,JKTYRE,JKTYRE-EQ,EQ,,0,
NSE,11860,1,JKPAPER,JKPAPER-EQ,EQ,,0,
NSE,13491,1,JKLAKSHMI,JKLAKSHMI-EQ,EQ,,0,
NSE,15266,1,JKIL,JKIL-EQ,EQ,,0,
NSE,13270,1,JKCEMENT,JKCEMENT-EQ,EQ,,0,
NSE,10397,1,JISLJALEQS,JISLJALEQS-EQ,EQ,,0,
NSE,25684,1,JISLDVREQS,JISLDVREQS-EQ,EQ,,0,
NSE,20642,1,JINDWORLD,JINDWORLD-EQ,EQ,,0,
NSE,13875,1,JINDRILL,JINDRILL-EQ,EQ,,0,
NSE,6733,1,JINDALSTEL,JINDALSTEL-EQ,EQ,,0,
NSE,3024,1,JINDALSAW,JINDALSAW-EQ,EQ,,0,
NSE,1756,1,JINDALPOLY,JINDALPOLY-EQ,EQ,,0,
NSE,11743,1,JINDALPHOT,JINDALPHOT-EQ,EQ,,0,
NSE,13720,1,JHS,JHS-EQ,EQ,,0,
NSE,7211,1,JETFREIGHT,JETFREIGHT-EQ,EQ,,0,
NSE,4491,1,JCHAC,JCHAC-EQ,EQ,,0,
NSE,11655,1,JBMA,JBMA-EQ,EQ,,0,
NSE,1726,1,JBCHEPHARM,JBCHEPHARM-EQ,EQ,,0,
NSE,1720,1,JAYSREETEA,JAYSREETEA-EQ,EQ,,0,
NSE,2331,1,JAYNECOIND,JAYNECOIND-EQ,EQ,,0,
NSE,1708,1,JAYBARMARU,JAYBARMARU-EQ,EQ,,0,
NSE,4041,1,JAYAGROGN,JAYAGROGN-EQ,EQ,,0,
NSE,13982,1,JASH,JASH-EQ,EQ,,0,
NSE,20778,1,JAMNAAUTO,JAMNAAUTO-EQ,EQ,,0,
NSE,5516,1,JAIPURKURT,JAIPURKURT-EQ,EQ,,0,
NSE,5143,1,JAICORPLTD,JAICORPLTD-EQ,EQ,,0,
NSE,4410,1,JAGSNPHARM,JAGSNPHARM-EQ,EQ,,0,
NSE,13211,1,JAGRAN,JAGRAN-EQ,EQ,,0,
NSE,5633,1,J&KBANK,J&KBANK-EQ,EQ,,0,
NSE,14174,1,IZMO,IZMO-EQ,EQ,,0,
NSE,3776,1,IWEL,IWEL-EQ,EQ,,0,
NSE,24217,1,IVZINNIFTY,IVZINNIFTY-EQ,EQ,,0,
NSE,18292,1,IVZINGOLD,IVZINGOLD-EQ,EQ,,0,
NSE,6711,1,IVC,IVC-EQ,EQ,,0,
NSE,1675,1,ITI,ITI-EQ,EQ,,0,
NSE,5622,1,ITDCEM,ITDCEM-EQ,EQ,,0,
NSE,19299,1,ITDC,ITDC-EQ,EQ,,0,
NSE,1660,1,ITC,ITC-EQ,EQ,,0,
NSE,19084,1,ITBEES,ITBEES-EQ,EQ,,0,
NSE,14932,1,ISMTLTD,ISMTLTD-EQ,EQ,,0,
NSE,3329,1,ISGEC,ISGEC-EQ,EQ,,0,
NSE,18479,1,ISFT,ISFT-EQ,EQ,,0,
NSE,2489,1,ISEC,ISEC-EQ,EQ,,0,
NSE,2275,1,IRISDOREME,IRISDOREME-EQ,EQ,,0,
NSE,6489,1,IRIS,IRIS-EQ,EQ,,0,
NSE,2029,1,IRFC,IRFC-EQ,EQ,,0,
NSE,13611,1,IRCTC,IRCTC-EQ,EQ,,0,
NSE,4986,1,IRCON,IRCON-EQ,EQ,,0,
NSE,15313,1,IRB,IRB-EQ,EQ,,0,
NSE,4934,1,IPL,IPL-EQ,EQ,,0,
NSE,1633,1,IPCALAB,IPCALAB-EQ,EQ,,0,
NSE,1630,1,IONEXCHANG,IONEXCHANG-EQ,EQ,,0,
NSE,20413,1,IOLCP,IOLCP-EQ,EQ,,0,
NSE,1624,1,IOC,IOC-EQ,EQ,,0,
NSE,9348,1,IOB,IOB-EQ,EQ,,0,
NSE,24870,1,INVENTURE,INVENTURE-EQ,EQ,,0,
NSE,5606,1,INTLCONV,INTLCONV-EQ,EQ,,0,
NSE,20071,1,INTENTECH,INTENTECH-EQ,EQ,,0,
NSE,5926,1,INTELLECT,INTELLECT-EQ,EQ,,0,
NSE,13730,1,INSPIRISYS,INSPIRISYS-EQ,EQ,,0,
NSE,14657,1,INSECTICID,INSECTICID-EQ,EQ,,0,
NSE,7852,1,INOXWIND,INOXWIND-EQ,EQ,,0,
NSE,12188,1,INOXGREEN,INOXGREEN-EQ,EQ,,0,
NSE,1597,1,INGERRAND,INGERRAND-EQ,EQ,,0,
NSE,1594,1,INFY,INFY-EQ,EQ,,0,
NSE,20072,1,INFRABEES,INFRABEES-EQ,EQ,,0,
NSE,11027,1,INFOBEAN,INFOBEAN-EQ,EQ,,0,
NSE,16249,1,INFIBEAM,INFIBEAM-EQ,EQ,,0,
NSE,29135,1,INDUSTOWER,INDUSTOWER-EQ,EQ,,0,
NSE,5258,1,INDUSINDBK,INDUSINDBK-EQ,EQ,,0,
NSE,21957,1,INDTERRAIN,INDTERRAIN-EQ,EQ,,0,
NSE,11602,1,INDSWFTLTD,INDSWFTLTD-EQ,EQ,,0,
NSE,4870,1,INDSWFTLAB,INDSWFTLAB-EQ,EQ,,0,
NSE,14952,1,INDOWIND,INDOWIND-EQ,EQ,,0,
NSE,25608,1,INDOTHAI,INDOTHAI-EQ,EQ,,0,
NSE,13275,1,INDOTECH,INDOTECH-EQ,EQ,,0,
NSE,10993,1,INDORAMA,INDORAMA-EQ,EQ,,0,
NSE,11677,1,INDOCO,INDOCO-EQ,EQ,,0,
NSE,8614,1,INDOBORAX,INDOBORAX-EQ,EQ,,0,
NSE,9116,1,INDOAMIN,INDOAMIN-EQ,EQ,,0,
NSE,4747,1,INDNIPPON,INDNIPPON-EQ,EQ,,0,
NSE,2048,1,INDIGOPNTS,INDIGOPNTS-EQ,EQ,,0,
NSE,11195,1,INDIGO,INDIGO-EQ,EQ,,0,
NSE,1530,1,INDIANHUME,INDIANHUME-EQ,EQ,,0,
NSE,4422,1,INDIANCARD,INDIANCARD-EQ,EQ,,0,
NSE,14309,1,INDIANB,INDIANB-EQ,EQ,,0,
NSE,10726,1,INDIAMART,INDIAMART-EQ,EQ,,0,
NSE,1521,1,INDIAGLYCO,INDIAGLYCO-EQ,EQ,,0,
NSE,1515,1,INDIACEM,INDIACEM-EQ,EQ,,0,
NSE,1512,1,INDHOTEL,INDHOTEL-EQ,EQ,,0,
NSE,16933,1,INDBANK,INDBANK-EQ,EQ,,0,
NSE,17507,1,INCREDIBLE,INCREDIBLE-EQ,EQ,,0,
NSE,11681,1,IMPEXFERRO,IMPEXFERRO-EQ,EQ,,0,
NSE,12009,1,IMPAL,IMPAL-EQ,EQ,,0,
NSE,19235,1,IMFA,IMFA-EQ,EQ,,0,
NSE,7672,1,IMAGICAA,IMAGICAA-EQ,EQ,,0,
NSE,19525,1,IITL,IITL-EQ,EQ,,0,
NSE,13072,1,IIFLSEC,IIFLSEC-EQ,EQ,,0,
NSE,11809,1,IIFL,IIFL-EQ,EQ,,0,
NSE,14086,1,IGPL,IGPL-EQ,EQ,,0,
NSE,11262,1,IGL,IGL-EQ,EQ,,0,
NSE,634,1,IGARASHI,IGARASHI-EQ,EQ,,0,
NSE,436,1,IFGLEXPOR,IFGLEXPOR-EQ,EQ,,0,
NSE,1491,1,IFCI,IFCI-EQ,EQ,,0,
NSE,1485,1,IFBIND,IFBIND-EQ,EQ,,0,
NSE,1482,1,IFBAGRO,IFBAGRO-EQ,EQ,,0,
NSE,220,1,IEX,IEX-EQ,EQ,,0,
NSE,13303,1,IEL,IEL-EQ,EQ,,0,
NSE,18783,1,IDFNIFTYET,IDFNIFTYET-EQ,EQ,,0,
NSE,11184,1,IDFCFIRSTB,IDFCFIRSTB-EQ,EQ,,0,
NSE,11957,1,IDFC,IDFC-EQ,EQ,,0,
NSE,14366,1,IDEA,IDEA-EQ,EQ,,0,
NSE,25640,1,IDBIGOLD,IDBIGOLD-EQ,EQ,,0,
NSE,1476,1,IDBI,IDBI-EQ,EQ,,0,
NSE,14523,1,ICRA,ICRA-EQ,EQ,,0,
NSE,11987,1,ICIL,ICIL-EQ,EQ,,0,
NSE,22365,1,ICICITECH,ICICITECH-EQ,EQ,,0,
NSE,7942,1,ICICISILVE,ICICISILVE-EQ,EQ,,0,
NSE,4378,1,ICICISENSX,ICICISENSX-EQ,EQ,,0,
NSE,18652,1,ICICIPRULI,ICICIPRULI-EQ,EQ,,0,
NSE,3626,1,ICICIPHARM,ICICIPHARM-EQ,EQ,,0,
NSE,4529,1,ICICINXT50,ICICINXT50-EQ,EQ,,0,
NSE,17475,1,ICICINV20,ICICINV20-EQ,EQ,,0,
NSE,29553,1,ICICINIFTY,ICICINIFTY-EQ,EQ,,0,
NSE,30392,1,ICICINF100,ICICINF100-EQ,EQ,,0,
NSE,10585,1,ICICIMOM30,ICICIMOM30-EQ,EQ,,0,
NSE,17702,1,ICICIMCAP,ICICIMCAP-EQ,EQ,,0,
NSE,17152,1,ICICIM150,ICICIM150-EQ,EQ,,0,
NSE,21254,1,ICICILOVOL,ICICILOVOL-EQ,EQ,,0,
NSE,4838,1,ICICILIQ,ICICILIQ-EQ,EQ,,0,
NSE,10723,1,ICICIINFRA,ICICIINFRA-EQ,EQ,,0,
NSE,19679,1,ICICIGOLD,ICICIGOLD-EQ,EQ,,0,
NSE,21770,1,ICICIGI,ICICIGI-EQ,EQ,,0,
NSE,5306,1,ICICIFMCG,ICICIFMCG-EQ,EQ,,0,
NSE,12578,1,ICICIFIN,ICICIFIN-EQ,EQ,,0,
NSE,6446,1,ICICICONSU,ICICICONSU-EQ,EQ,,0,
NSE,13198,1,ICICICOMMO,ICICICOMMO-EQ,EQ,,0,
NSE,11386,1,ICICIBANKP,ICICIBANKP-EQ,EQ,,0,
NSE,11037,1,ICICIBANKN,ICICIBANKN-EQ,EQ,,0,
NSE,4963,1,ICICIBANK,ICICIBANK-EQ,EQ,,0,
NSE,522,1,ICICIB22,ICICIB22-EQ,EQ,,0,
NSE,7844,1,ICICIAUTO,ICICIAUTO-EQ,EQ,,0,
NSE,22344,1,ICICIALPLV,ICICIALPLV-EQ,EQ,,0,
NSE,8342,1,ICICI5GSEC,ICICI5GSEC-EQ,EQ,,0,
NSE,3001,1,ICICI500,ICICI500-EQ,EQ,,0,
NSE,13143,1,ICICI10GS,ICICI10GS-EQ,EQ,,0,
NSE,489,1,ICEMAKE,ICEMAKE-EQ,EQ,,0,
NSE,30125,1,IBULHSGFIN,IBULHSGFIN-EQ,EQ,,0,
NSE,14450,1,IBREALEST,IBREALEST-EQ,EQ,,0,
NSE,9937,1,IBMFNIFTY,IBMFNIFTY-EQ,EQ,,0,
NSE,2562,1,HUHTAMAKI,HUHTAMAKI-EQ,EQ,,0,
NSE,20825,1,HUDCO,HUDCO-EQ,EQ,,0,
NSE,14203,1,HUBTOWN,HUBTOWN-EQ,EQ,,0,
NSE,11979,1,HTMEDIA,HTMEDIA-EQ,EQ,,0,
NSE,14334,1,HSCL,HSCL-EQ,EQ,,0,
NSE,18679,1,HPL,HPL-EQ,EQ,,0,
NSE,11796,1,HPIL,HPIL-EQ,EQ,,0,
NSE,7376,1,HPAL,HPAL-EQ,EQ,,0,
NSE,13592,1,HOVS,HOVS-EQ,EQ,,0,
NSE,3138,1,HONDAPOWER,HONDAPOWER-EQ,EQ,,0,
NSE,3417,1,HONAUT,HONAUT-EQ,EQ,,0,
NSE,2056,1,HOMEFIRST,HOMEFIRST-EQ,EQ,,0,
NSE,18284,1,HNGSNGBEES,HNGSNGBEES-EQ,EQ,,0,
NSE,12173,1,HNDFDS,HNDFDS-EQ,EQ,,0,
NSE,19211,1,HMVL,HMVL-EQ,EQ,,0,
NSE,1448,1,HLVLTD,HLVLTD-EQ,EQ,,0,
NSE,2289,1,HLEGLAS,HLEGLAS-EQ,EQ,,0,
NSE,4433,1,HITECHGEAR,HITECHGEAR-EQ,EQ,,0,
NSE,15161,1,HITECHCORP,HITECHCORP-EQ,EQ,,0,
NSE,2868,1,HITECH,HITECH-EQ,EQ,,0,
NSE,19322,1,HISARMETAL,HISARMETAL-EQ,EQ,,0,
NSE,13890,1,HIRECT,HIRECT-EQ,EQ,,0,
NSE,1424,1,HINDZINC,HINDZINC-EQ,EQ,,0,
NSE,15883,1,HINDWAREAP,HINDWAREAP-EQ,EQ,,0,
NSE,1394,1,HINDUNILVR,HINDUNILVR-EQ,EQ,,0,
NSE,1406,1,HINDPETRO,HINDPETRO-EQ,EQ,,0,
NSE,1403,1,HINDOILEXP,HINDOILEXP-EQ,EQ,,0,
NSE,21676,1,HINDMOTORS,HINDMOTORS-EQ,EQ,,0,
NSE,17939,1,HINDCOPPER,HINDCOPPER-EQ,EQ,,0,
NSE,4920,1,HINDCON,HINDCON-EQ,EQ,,0,
NSE,1372,1,HINDCOMPOS,HINDCOMPOS-EQ,EQ,,0,
NSE,1363,1,HINDALCO,HINDALCO-EQ,EQ,,0,
NSE,1360,1,HIMATSEIDE,HIMATSEIDE-EQ,EQ,,0,
NSE,14627,1,HILTON,HILTON-EQ,EQ,,0,
NSE,1455,1,HIL,HIL-EQ,EQ,,0,
NSE,9668,1,HIKAL,HIKAL-EQ,EQ,,0,
NSE,14712,1,HGS,HGS-EQ,EQ,,0,
NSE,1672,1,HGINFRA,HGINFRA-EQ,EQ,,0,
NSE,21951,1,HFCL,HFCL-EQ,EQ,,0,
NSE,27008,1,HEXATRADEX,HEXATRADEX-EQ,EQ,,0,
NSE,715,1,HEUBACHIND,HEUBACHIND-EQ,EQ,,0,
NSE,7048,1,HESTERBIO,HESTERBIO-EQ,EQ,,0,
NSE,1348,1,HEROMOTOCO,HEROMOTOCO-EQ,EQ,,0,
NSE,4598,1,HERITGFOOD,HERITGFOOD-EQ,EQ,,0,
NSE,15288,1,HERCULES,HERCULES-EQ,EQ,,0,
NSE,2614,1,HERANBA,HERANBA-EQ,EQ,,0,
NSE,701,1,HEMIPROP,HEMIPROP-EQ,EQ,,0,
NSE,2316,1,HEIDELBERG,HEIDELBERG-EQ,EQ,,0,
NSE,1336,1,HEG,HEG-EQ,EQ,,0,
NSE,7425,1,HECPROJECT,HECPROJECT-EQ,EQ,,0,
NSE,6297,1,HEALTHY,HEALTHY-EQ,EQ,,0,
NSE,19205,1,HEADSUP,HEADSUP-EQ,EQ,,0,
NSE,11260,1,HDFCVALUE,HDFCVALUE-EQ,EQ,,0,
NSE,14233,1,HDFCSML250,HDFCSML250-EQ,EQ,,0,
NSE,10876,1,HDFCSILVER,HDFCSILVER-EQ,EQ,,0,
NSE,11593,1,HDFCSENETF,HDFCSENETF-EQ,EQ,,0,
NSE,11255,1,HDFCQUAL,HDFCQUAL-EQ,EQ,,0,
NSE,12108,1,HDFCPVTBAN,HDFCPVTBAN-EQ,EQ,,0,
NSE,12101,1,HDFCNIFIT,HDFCNIFIT-EQ,EQ,,0,
NSE,11591,1,HDFCNIFETF,HDFCNIFETF-EQ,EQ,,0,
NSE,10633,1,HDFCNIF100,HDFCNIF100-EQ,EQ,,0,
NSE,10619,1,HDFCNEXT50,HDFCNEXT50-EQ,EQ,,0,
NSE,11538,1,HDFCMOMENT,HDFCMOMENT-EQ,EQ,,0,
NSE,14236,1,HDFCMID150,HDFCMID150-EQ,EQ,,0,
NSE,19543,1,HDFCMFGETF,HDFCMFGETF-EQ,EQ,,0,
NSE,11547,1,HDFCLOWVOL,HDFCLOWVOL-EQ,EQ,,0,
NSE,467,1,HDFCLIFE,HDFCLIFE-EQ,EQ,,0,
NSE,11241,1,HDFCGROWTH,HDFCGROWTH-EQ,EQ,,0,
NSE,14230,1,HDFCBSE500,HDFCBSE500-EQ,EQ,,0,
NSE,1333,1,HDFCBANK,HDFCBANK-EQ,EQ,,0,
NSE,4244,1,HDFCAMC,HDFCAMC-EQ,EQ,,0,
NSE,1330,1,HDFC,HDFC-EQ,EQ,,0,
NSE,7229,1,HCLTECH,HCLTECH-EQ,EQ,,0,
NSE,1327,1,HCL-INSYS,HCL-INSYS-EQ,EQ,,0,
NSE,15555,1,HCG,HCG-EQ,EQ,,0,
NSE,1375,1,HCC,HCC-EQ,EQ,,0,
NSE,4116,1,HBSL,HBSL-EQ,EQ,,0,
NSE,13966,1,HBLPOWER,HBLPOWER-EQ,EQ,,0,
NSE,22433,1,HBANKETF,HBANKETF-EQ,EQ,,0,
NSE,9819,1,HAVELLS,HAVELLS-EQ,EQ,,0,
NSE,3892,1,HATSUN,HATSUN-EQ,EQ,,0,
NSE,18154,1,HATHWAY,HATHWAY-EQ,EQ,,0,
NSE,11162,1,HARSHA,HARSHA-EQ,EQ,,0,
NSE,1313,1,HARRMALAYA,HARRMALAYA-EQ,EQ,,0,
NSE,8968,1,HARIOMPIPE,HARIOMPIPE-EQ,EQ,,0,
NSE,8962,1,HARDWYN,HARDWYN-EQ,EQ,,0,
NSE,48,1,HAPPSTMNDS,HAPPSTMNDS-EQ,EQ,,0,
NSE,2303,1,HAL,HAL-EQ,EQ,,0,
NSE,13226,1,GVKPIL,GVKPIL-EQ,EQ,,0,
NSE,6286,1,GULPOLY,GULPOLY-EQ,EQ,,0,
NSE,11581,1,GULFPETRO,GULFPETRO-EQ,EQ,,0,
NSE,4391,1,GULFOILLUB,GULFOILLUB-EQ,EQ,,0,
NSE,10599,1,GUJGASLTD,GUJGASLTD-EQ,EQ,,0,
NSE,14677,1,GUJAPOLLO,GUJAPOLLO-EQ,EQ,,0,
NSE,1267,1,GUJALKALI,GUJALKALI-EQ,EQ,,0,
NSE,11606,1,GUFICBIO,GUFICBIO-EQ,EQ,,0,
NSE,21195,1,GTPL,GTPL-EQ,EQ,,0,
NSE,13745,1,GTLINFRA,GTLINFRA-EQ,EQ,,0,
NSE,1162,1,GTL,GTL-EQ,EQ,,0,
NSE,15347,1,GSS,GSS-EQ,EQ,,0,
NSE,13197,1,GSPL,GSPL-EQ,EQ,,0,
NSE,14599,1,GSLSU,GSLSU-EQ,EQ,,0,
NSE,1247,1,GSFC,GSFC-EQ,EQ,,0,
NSE,7982,1,GRWRHITECH,GRWRHITECH-EQ,EQ,,0,
NSE,5475,1,GRSE,GRSE-EQ,EQ,,0,
NSE,6543,1,GRPLTD,GRPLTD-EQ,EQ,,0,
NSE,17770,1,GROBTEA,GROBTEA-EQ,EQ,,0,
NSE,10871,1,GRMOVER,GRMOVER-EQ,EQ,,0,
NSE,5054,1,GRINFRA,GRINFRA-EQ,EQ,,0,
NSE,13560,1,GRINDWELL,GRINDWELL-EQ,EQ,,0,
NSE,20110,1,GREENPOWER,GREENPOWER-EQ,EQ,,0,
NSE,3987,1,GREENPLY,GREENPLY-EQ,EQ,,0,
NSE,13810,1,GREENPANEL,GREENPANEL-EQ,EQ,,0,
NSE,6848,1,GREENLAM,GREENLAM-EQ,EQ,,0,
NSE,1235,1,GREAVESCOT,GREAVESCOT-EQ,EQ,,0,
NSE,20534,1,GRAVITA,GRAVITA-EQ,EQ,,0,
NSE,5200,1,GRAUWEIL,GRAUWEIL-EQ,EQ,,0,
NSE,1232,1,GRASIM,GRASIM-EQ,EQ,,0,
NSE,592,1,GRAPHITE,GRAPHITE-EQ,EQ,,0,
NSE,11872,1,GRANULES,GRANULES-EQ,EQ,,0,
NSE,17685,1,GPTINFRA,GPTINFRA-EQ,EQ,,0,
NSE,19731,1,GPPL,GPPL-EQ,EQ,,0,
NSE,13409,1,GPIL,GPIL-EQ,EQ,,0,
NSE,11787,1,GOYALALUM,GOYALALUM-EQ,EQ,,0,
NSE,1205,1,GOODYEAR,GOODYEAR-EQ,EQ,,0,
NSE,6125,1,GOODLUCK,GOODLUCK-EQ,EQ,,0,
NSE,9874,1,GOLDTECH,GOLDTECH-EQ,EQ,,0,
NSE,14535,1,GOLDSHARE,GOLDSHARE-EQ,EQ,,0,
NSE,11971,1,GOLDIAM,GOLDIAM-EQ,EQ,,0,
NSE,14428,1,GOLDBEES,GOLDBEES-EQ,EQ,,0,
NSE,14480,1,GOKULAGRO,GOKULAGRO-EQ,EQ,,0,
NSE,16705,1,GOKUL,GOKUL-EQ,EQ,,0,
NSE,11778,1,GOKEX,GOKEX-EQ,EQ,,0,
NSE,17875,1,GODREJPROP,GODREJPROP-EQ,EQ,,0,
NSE,10925,1,GODREJIND,GODREJIND-EQ,EQ,,0,
NSE,10099,1,GODREJCP,GODREJCP-EQ,EQ,,0,
NSE,144,1,GODREJAGRO,GODREJAGRO-EQ,EQ,,0,
NSE,1607,1,GODHA,GODHA-EQ,EQ,,0,
NSE,1181,1,GODFRYPHLP,GODFRYPHLP-EQ,EQ,,0,
NSE,6964,1,GOCOLORS,GOCOLORS-EQ,EQ,,0,
NSE,3963,1,GOCLCORP,GOCLCORP-EQ,EQ,,0,
NSE,14687,1,GOACARBON,GOACARBON-EQ,EQ,,0,
NSE,1174,1,GNFC,GNFC-EQ,EQ,,0,
NSE,18571,1,GNA,GNA-EQ,EQ,,0,
NSE,8529,1,GMRP&UI,GMRP&UI-EQ,EQ,,0,
NSE,13528,1,GMRINFRA,GMRINFRA-EQ,EQ,,0,
NSE,1570,1,GMMPFAUDLR,GMMPFAUDLR-EQ,EQ,,0,
NSE,5204,1,GMDCLTD,GMDCLTD-EQ,EQ,,0,
NSE,1168,1,GMBREW,GMBREW-EQ,EQ,,0,
NSE,5265,1,GLS,GLS-EQ,EQ,,0,
NSE,17424,1,GLOBUSSPR,GLOBUSSPR-EQ,EQ,,0,
NSE,393,1,GLOBE,GLOBE-EQ,EQ,,0,
NSE,13735,1,GLOBALVECT,GLOBALVECT-EQ,EQ,,0,
NSE,1415,1,GLOBAL,GLOBAL-EQ,EQ,,0,
NSE,1156,1,GLFL,GLFL-EQ,EQ,,0,
NSE,7406,1,GLENMARK,GLENMARK-EQ,EQ,,0,
NSE,1153,1,GLAXO,GLAXO-EQ,EQ,,0,
NSE,1186,1,GLAND,GLAND-EQ,EQ,,0,
NSE,17357,1,GKWLIMITED,GKWLIMITED-EQ,EQ,,0,
NSE,1145,1,GIPCL,GIPCL-EQ,EQ,,0,
NSE,1142,1,GINNIFILA,GINNIFILA-EQ,EQ,,0,
NSE,3172,1,GILT5YBEES,GILT5YBEES-EQ,EQ,,0,
NSE,1576,1,GILLETTE,GILLETTE-EQ,EQ,,0,
NSE,17839,1,GILLANDERS,GILLANDERS-EQ,EQ,,0,
NSE,277,1,GICRE,GICRE-EQ,EQ,,0,
NSE,1139,1,GICHSGFIN,GICHSGFIN-EQ,EQ,,0,
NSE,1127,1,GHCL,GHCL-EQ,EQ,,0,
NSE,1289,1,GFLLIMITED,GFLLIMITED-EQ,EQ,,0,
NSE,13776,1,GESHIP,GESHIP-EQ,EQ,,0,
NSE,7862,1,GEPIL,GEPIL-EQ,EQ,,0,
NSE,11896,1,GEOJITFSL,GEOJITFSL-EQ,EQ,,0,
NSE,11905,1,GENUSPOWER,GENUSPOWER-EQ,EQ,,0,
NSE,6600,1,GENUSPAPER,GENUSPAPER-EQ,EQ,,0,
NSE,10905,1,GENESYS,GENESYS-EQ,EQ,,0,
NSE,2188,1,GENCON,GENCON-EQ,EQ,,0,
NSE,17922,1,GEEKAYWIRE,GEEKAYWIRE-EQ,EQ,,0,
NSE,13658,1,GEECEE,GEECEE-EQ,EQ,,0,
NSE,13688,1,GATI,GATI-EQ,EQ,,0,
NSE,8510,1,GATEWAY,GATEWAY-EQ,EQ,,0,
NSE,1100,1,GARFIBRES,GARFIBRES-EQ,EQ,,0,
NSE,21399,1,GANGESSECU,GANGESSECU-EQ,EQ,,0,
NSE,4957,1,GANGAFORGE,GANGAFORGE-EQ,EQ,,0,
NSE,14339,1,GANESHHOUC,GANESHHOUC-EQ,EQ,,0,
NSE,5614,1,GANESHBE,GANESHBE-EQ,EQ,,0,
NSE,6944,1,GANECOS,GANECOS-EQ,EQ,,0,
NSE,14116,1,GANDHITUBE,GANDHITUBE-EQ,EQ,,0,
NSE,13337,1,GALLANTT,GALLANTT-EQ,EQ,,0,
NSE,1315,1,GALAXYSURF,GALAXYSURF-EQ,EQ,,0,
NSE,20296,1,GAL,GAL-EQ,EQ,,0,
NSE,4717,1,GAIL,GAIL-EQ,EQ,,0,
NSE,8828,1,GAEL,GAEL-EQ,EQ,,0,
NSE,1085,1,GABRIEL,GABRIEL-EQ,EQ,,0,
NSE,12842,1,G1NSETEST,G1NSETEST-EQ,EQ,,0,
NSE,11932,1,FUSION,FUSION-EQ,EQ,,0,
NSE,14304,1,FSL,FSL-EQ,EQ,,0,
NSE,1073,1,FOSECOIND,FOSECOIND-EQ,EQ,,0,
NSE,14592,1,FORTIS,FORTIS-EQ,EQ,,0,
NSE,11573,1,FORCEMOT,FORCEMOT-EQ,EQ,,0,
NSE,6673,1,FOODSIN,FOODSIN-EQ,EQ,,0,
NSE,6836,1,FOCUS,FOCUS-EQ,EQ,,0,
NSE,21017,1,FMNL,FMNL-EQ,EQ,,0,
NSE,1190,1,FMGOETZE,FMGOETZE-EQ,EQ,,0,
NSE,13750,1,FLUOROCHEM,FLUOROCHEM-EQ,EQ,,0,
NSE,25512,1,FLEXITUFF,FLEXITUFF-EQ,EQ,,0,
NSE,12032,1,FIVESTAR,FIVESTAR-EQ,EQ,,0,
NSE,1041,1,FINPIPE,FINPIPE-EQ,EQ,,0,
NSE,6579,1,FINOPB,FINOPB-EQ,EQ,,0,
NSE,3744,1,FINEORG,FINEORG-EQ,EQ,,0,
NSE,1038,1,FINCABLES,FINCABLES-EQ,EQ,,0,
NSE,24532,1,FILATEX,FILATEX-EQ,EQ,,0,
NSE,13710,1,FIEMIND,FIEMIND-EQ,EQ,,0,
NSE,8159,1,FIBERWEB,FIBERWEB-EQ,EQ,,0,
NSE,1023,1,FEDERALBNK,FEDERALBNK-EQ,EQ,,0,
NSE,4898,1,FDC,FDC-EQ,EQ,,0,
NSE,11999,1,FCSSOFT,FCSSOFT-EQ,EQ,,0,
NSE,6198,1,FCL,FCL-EQ,EQ,,0,
NSE,12000,1,FAZE3Q,FAZE3Q-EQ,EQ,,0,
NSE,1614,1,FAIRCHEMOR,FAIRCHEMOR-EQ,EQ,,0,
NSE,1008,1,FACT,FACT-EQ,EQ,,0,
NSE,5352,1,EXXARO,EXXARO-EQ,EQ,,0,
NSE,17486,1,EXPLEOSOL,EXPLEOSOL-EQ,EQ,,0,
NSE,676,1,EXIDEIND,EXIDEIND-EQ,EQ,,0,
NSE,11471,1,EXCELINDUS,EXCELINDUS-EQ,EQ,,0,
NSE,17376,1,EXCEL,EXCEL-EQ,EQ,,0,
NSE,993,1,EVERESTIND,EVERESTIND-EQ,EQ,,0,
NSE,11782,1,EVEREADY,EVEREADY-EQ,EQ,,0,
NSE,999,1,EUROTEXIND,EUROTEXIND-EQ,EQ,,0,
NSE,9750,1,ETHOSLTD,ETHOSLTD-EQ,EQ,,0,
NSE,24265,1,ESTER,ESTER-EQ,EQ,,0,
NSE,30323,1,ESSENTIA,ESSENTIA-EQ,EQ,,0,
NSE,25634,1,ESSARSHPNG,ESSARSHPNG-EQ,EQ,,0,
NSE,958,1,ESCORTS,ESCORTS-EQ,EQ,,0,
NSE,955,1,ESABINDIA,ESABINDIA-EQ,EQ,,0,
NSE,20080,1,EROSMEDIA,EROSMEDIA-EQ,EQ,,0,
NSE,21154,1,ERIS,ERIS-EQ,EQ,,0,
NSE,913,1,EQUITASBNK,EQUITASBNK-EQ,EQ,,0,
NSE,981,1,EPL,EPL-EQ,EQ,,0,
NSE,13192,1,ENIL,ENIL-EQ,EQ,,0,
NSE,4907,1,ENGINERSIN,ENGINERSIN-EQ,EQ,,0,
NSE,15049,1,ENERGYDEV,ENERGYDEV-EQ,EQ,,0,
NSE,18822,1,ENDURANCE,ENDURANCE-EQ,EQ,,0,
NSE,9756,1,EMUDHRA,EMUDHRA-EQ,EQ,,0,
NSE,18142,1,EMMBI,EMMBI-EQ,EQ,,0,
NSE,13421,1,EMKAY,EMKAY-EQ,EQ,,0,
NSE,11530,1,EMIL,EMIL-EQ,EQ,,0,
NSE,19277,1,EMAMIREAL,EMAMIREAL-EQ,EQ,,0,
NSE,10074,1,EMAMIPAP,EMAMIPAP-EQ,EQ,,0,
NSE,13517,1,EMAMILTD,EMAMILTD-EQ,EQ,,0,
NSE,13423,1,ELIN,ELIN-EQ,EQ,,0,
NSE,24924,1,ELGIRUBCO,ELGIRUBCO-EQ,EQ,,0,
NSE,937,1,ELGIEQUIP,ELGIEQUIP-EQ,EQ,,0,
NSE,4469,1,ELECTHERM,ELECTHERM-EQ,EQ,,0,
NSE,928,1,ELECTCAST,ELECTCAST-EQ,EQ,,0,
NSE,13643,1,ELECON,ELECON-EQ,EQ,,0,
NSE,8953,1,ELDEHSG,ELDEHSG-EQ,EQ,,0,
NSE,13091,1,EKC,EKC-EQ,EQ,,0,
NSE,919,1,EIHOTEL,EIHOTEL-EQ,EQ,,0,
NSE,15399,1,EIHAHOTELS,EIHAHOTELS-EQ,EQ,,0,
NSE,6040,1,EIFFL,EIFFL-EQ,EQ,,0,
NSE,916,1,EIDPARRY,EIDPARRY-EQ,EQ,,0,
NSE,910,1,EICHERMOT,EICHERMOT-EQ,EQ,,0,
NSE,15119,1,EDELWEISS,EDELWEISS-EQ,EQ,,0,
NSE,15179,1,ECLERX,ECLERX-EQ,EQ,,0,
NSE,13139,1,EBBETF0433,EBBETF0433-EQ,EQ,,0,
NSE,22239,1,EBBETF0431,EBBETF0431-EQ,EQ,,0,
NSE,16253,1,EBBETF0430,EBBETF0430-EQ,EQ,,0,
NSE,22243,1,EBBETF0425,EBBETF0425-EQ,EQ,,0,
NSE,11625,1,EBANK,EBANK-EQ,EQ,,0,
NSE,2792,1,EASEMYTRIP,EASEMYTRIP-EQ,EQ,,0,
NSE,8937,1,E2E,E2E-EQ,EQ,,0,
NSE,21314,1,DYNPRO,DYNPRO-EQ,EQ,,0,
NSE,4525,1,DYNAMATECH,DYNAMATECH-EQ,EQ,,0,
NSE,10417,1,DYCL,DYCL-EQ,EQ,,0,
NSE,11667,1,DWARKESH,DWARKESH-EQ,EQ,,0,
NSE,15214,1,DVL,DVL-EQ,EQ,,0,
NSE,28952,1,DUCON,DUCON-EQ,EQ,,0,
NSE,6227,1,DTIL,DTIL-EQ,EQ,,0,
NSE,25690,1,DSSL,DSSL-EQ,EQ,,0,
NSE,10761,1,DSPSILVETF,DSPSILVETF-EQ,EQ,,0,
NSE,7456,1,DSPQ50ETF,DSPQ50ETF-EQ,EQ,,0,
NSE,6606,1,DSPNEWETF,DSPNEWETF-EQ,EQ,,0,
NSE,7451,1,DSPN50ETF,DSPN50ETF-EQ,EQ,,0,
NSE,15356,1,DSPGOLDETF,DSPGOLDETF-EQ,EQ,,0,
NSE,13644,1,DSPBANKETF,DSPBANKETF-EQ,EQ,,0,
NSE,881,1,DRREDDY,DRREDDY-EQ,EQ,,0,
NSE,11271,1,DREDGECORP,DREDGECORP-EQ,EQ,,0,
NSE,10859,1,DREAMFOLKS,DREAMFOLKS-EQ,EQ,,0,
NSE,2645,1,DRCSYSTEMS,DRCSYSTEMS-EQ,EQ,,0,
NSE,16900,1,DPWIRES,DPWIRES-EQ,EQ,,0,
NSE,15419,1,DPSCLTD,DPSCLTD-EQ,EQ,,0,
NSE,936,1,DPABHUSHAN,DPABHUSHAN-EQ,EQ,,0,
NSE,13839,1,DONEAR,DONEAR-EQ,EQ,,0,
NSE,20560,1,DOLLAR,DOLLAR-EQ,EQ,,0,
NSE,12124,1,DOLATALGO,DOLATALGO-EQ,EQ,,0,
NSE,4822,1,DODLA,DODLA-EQ,EQ,,0,
NSE,641,1,DNAMEDIA,DNAMEDIA-EQ,EQ,,0,
NSE,6973,1,DMCC,DMCC-EQ,EQ,,0,
NSE,19913,1,DMART,DMART-EQ,EQ,,0,
NSE,17851,1,DLINKINDIA,DLINKINDIA-EQ,EQ,,0,
NSE,14732,1,DLF,DLF-EQ,EQ,,0,
NSE,12749,1,DJML,DJML-EQ,EQ,,0,
NSE,21690,1,DIXON,DIXON-EQ,EQ,,0,
NSE,2636,1,DIVOPPBEES,DIVOPPBEES-EQ,EQ,,0,
NSE,10940,1,DIVISLAB,DIVISLAB-EQ,EQ,,0,
NSE,14479,1,DIVGIITTS,DIVGIITTS-EQ,EQ,,0,
NSE,14537,1,DISHTV,DISHTV-EQ,EQ,,0,
NSE,8657,1,DIL,DIL-EQ,EQ,,0,
NSE,16683,1,DIGISPICE,DIGISPICE-EQ,EQ,,0,
NSE,703,1,DICIND,DICIND-EQ,EQ,,0,
NSE,21840,1,DIAMONDYD,DIAMONDYD-EQ,EQ,,0,
NSE,22233,1,DHUNINV,DHUNINV-EQ,EQ,,0,
NSE,6858,1,DHRUV,DHRUV-EQ,EQ,,0,
NSE,13001,1,DHARMAJ,DHARMAJ-EQ,EQ,,0,
NSE,24409,1,DHANUKA,DHANUKA-EQ,EQ,,0,
NSE,15384,1,DHANI,DHANI-EQ,EQ,,0,
NSE,11359,1,DHANBANK,DHANBANK-EQ,EQ,,0,
NSE,857,1,DHAMPURSUG,DHAMPURSUG-EQ,EQ,,0,
NSE,10346,1,DGCONTENT,DGCONTENT-EQ,EQ,,0,
NSE,5373,1,DEVYANI,DEVYANI-EQ,EQ,,0,
NSE,8146,1,DEVIT,DEVIT-EQ,EQ,,0,
NSE,4279,1,DENORA,DENORA-EQ,EQ,,0,
NSE,17722,1,DEN,DEN-EQ,EQ,,0,
NSE,1214,1,DELTAMAGNT,DELTAMAGNT-EQ,EQ,,0,
NSE,15044,1,DELTACORP,DELTACORP-EQ,EQ,,0,
NSE,24391,1,DELPHIFX,DELPHIFX-EQ,EQ,,0,
NSE,9599,1,DELHIVERY,DELHIVERY-EQ,EQ,,0,
NSE,3292,1,DEEPINDS,DEEPINDS-EQ,EQ,,0,
NSE,18244,1,DEEPENR,DEEPENR-EQ,EQ,,0,
NSE,19943,1,DEEPAKNTR,DEEPAKNTR-EQ,EQ,,0,
NSE,827,1,DEEPAKFERT,DEEPAKFERT-EQ,EQ,,0,
NSE,14838,1,DECCANCE,DECCANCE-EQ,EQ,,0,
NSE,11895,1,DCXINDIA,DCXINDIA-EQ,EQ,,0,
NSE,817,1,DCW,DCW-EQ,EQ,,0,
NSE,7325,1,DCMSRIND,DCMSRIND-EQ,EQ,,0,
NSE,811,1,DCMSHRIRAM,DCMSHRIRAM-EQ,EQ,,0,
NSE,11039,1,DCMNVL,DCMNVL-EQ,EQ,,0,
NSE,4775,1,DCMFINSERV,DCMFINSERV-EQ,EQ,,0,
NSE,805,1,DCM,DCM-EQ,EQ,,0,
NSE,11566,1,DCI,DCI-EQ,EQ,,0,
NSE,13725,1,DCBBANK,DCBBANK-EQ,EQ,,0,
NSE,21704,1,DCAL,DCAL-EQ,EQ,,0,
NSE,31107,1,DBSTOCKBRO,DBSTOCKBRO-EQ,EQ,,0,
NSE,18124,1,DBREALTY,DBREALTY-EQ,EQ,,0,
NSE,10893,1,DBOL,DBOL-EQ,EQ,,0,
NSE,18086,1,DBL,DBL-EQ,EQ,,0,
NSE,17881,1,DBCORP,DBCORP-EQ,EQ,,0,
NSE,7358,1,DATAPATTNS,DATAPATTNS-EQ,EQ,,0,
NSE,11423,1,DATAMATICS,DATAMATICS-EQ,EQ,,0,
NSE,1110,1,DANGEE,DANGEE-EQ,EQ,,0,
NSE,17541,1,DAMODARIND,DAMODARIND-EQ,EQ,,0,
NSE,781,1,DALMIASUG,DALMIASUG-EQ,EQ,,0,
NSE,8075,1,DALBHARAT,DALBHARAT-EQ,EQ,,0,
NSE,772,1,DABUR,DABUR-EQ,EQ,,0,
NSE,13816,1,DAAWAT,DAAWAT-EQ,EQ,,0,
NSE,5748,1,CYIENT,CYIENT-EQ,EQ,,0,
NSE,6051,1,CYBERTECH,CYBERTECH-EQ,EQ,,0,
NSE,11842,1,CYBERMEDIA,CYBERMEDIA-EQ,EQ,,0,
NSE,18520,1,CUPID,CUPID-EQ,EQ,,0,
NSE,1901,1,CUMMINSIND,CUMMINSIND-EQ,EQ,,0,
NSE,5701,1,CUB,CUB-EQ,EQ,,0,
NSE,14218,1,CTE,CTE-EQ,EQ,,0,
NSE,10350,1,CSLFINANCE,CSLFINANCE-EQ,EQ,,0,
NSE,14966,1,CSBBANK,CSBBANK-EQ,EQ,,0,
NSE,8083,1,CROWN,CROWN-EQ,EQ,,0,
NSE,17094,1,CROMPTON,CROMPTON-EQ,EQ,,0,
NSE,757,1,CRISIL,CRISIL-EQ,EQ,,0,
NSE,13900,1,CREST,CREST-EQ,EQ,,0,
NSE,4421,1,CREDITACC,CREDITACC-EQ,EQ,,0,
NSE,9384,1,CREATIVEYE,CREATIVEYE-EQ,EQ,,0,
NSE,11155,1,CREATIVE,CREATIVE-EQ,EQ,,0,
NSE,2854,1,CRAFTSMAN,CRAFTSMAN-EQ,EQ,,0,
NSE,2328,1,CPSEETF,CPSEETF-EQ,EQ,,0,
NSE,16986,1,COUNCODOS,COUNCODOS-EQ,EQ,,0,
NSE,742,1,COSMOFIRST,COSMOFIRST-EQ,EQ,,0,
NSE,739,1,COROMANDEL,COROMANDEL-EQ,EQ,,0,
NSE,15271,1,CORDSCABLE,CORDSCABLE-EQ,EQ,,0,
NSE,4007,1,CORALFINAC,CORALFINAC-EQ,EQ,,0,
NSE,17477,1,CONTROLPR,CONTROLPR-EQ,EQ,,0,
NSE,2435,1,CONSUMBEES,CONSUMBEES-EQ,EQ,,0,
NSE,11731,1,CONSOFINVT,CONSOFINVT-EQ,EQ,,0,
NSE,10238,1,CONFIPET,CONFIPET-EQ,EQ,,0,
NSE,4749,1,CONCOR,CONCOR-EQ,EQ,,0,
NSE,31138,1,COMPUSOFT,COMPUSOFT-EQ,EQ,,0,
NSE,17632,1,COMPINFO,COMPINFO-EQ,EQ,,0,
NSE,15141,1,COLPAL,COLPAL-EQ,EQ,,0,
NSE,11543,1,COFORGE,COFORGE-EQ,EQ,,0,
NSE,11165,1,COFFEEDAY,COFFEEDAY-EQ,EQ,,0,
NSE,21508,1,COCHINSHIP,COCHINSHIP-EQ,EQ,,0,
NSE,6006,1,COASTCORP,COASTCORP-EQ,EQ,,0,
NSE,20374,1,COALINDIA,COALINDIA-EQ,EQ,,0,
NSE,7603,1,CMSINFO,CMSINFO-EQ,EQ,,0,
NSE,3482,1,CLSEL,CLSEL-EQ,EQ,,0,
NSE,20223,1,CLEDUCATE,CLEDUCATE-EQ,EQ,,0,
NSE,5049,1,CLEAN,CLEAN-EQ,EQ,,0,
NSE,694,1,CIPLA,CIPLA-EQ,EQ,,0,
NSE,8024,1,CINEVISTA,CINEVISTA-EQ,EQ,,0,
NSE,27161,1,CINELINE,CINELINE-EQ,EQ,,0,
NSE,5142,1,CIGNITITEC,CIGNITITEC-EQ,EQ,,0,
NSE,21740,1,CHOLAHLDNG,CHOLAHLDNG-EQ,EQ,,0,
NSE,685,1,CHOLAFIN,CHOLAFIN-EQ,EQ,,0,
NSE,8866,1,CHOICEIN,CHOICEIN-EQ,EQ,,0,
NSE,9879,1,CHEVIOT,CHEVIOT-EQ,EQ,,0,
NSE,2049,1,CHENNPETRO,CHENNPETRO-EQ,EQ,,0,
NSE,5449,1,CHEMPLASTS,CHEMPLASTS-EQ,EQ,,0,
NSE,2799,1,CHEMFAB,CHEMFAB-EQ,EQ,,0,
NSE,270,1,CHEMCON,CHEMCON-EQ,EQ,,0,
NSE,14618,1,CHEMBOND,CHEMBOND-EQ,EQ,,0,
NSE,637,1,CHAMBLFERT,CHAMBLFERT-EQ,EQ,,0,
NSE,8546,1,CHALET,CHALET-EQ,EQ,,0,
NSE,760,1,CGPOWER,CGPOWER-EQ,EQ,,0,
NSE,20329,1,CGCL,CGCL-EQ,EQ,,0,
NSE,628,1,CESC,CESC-EQ,EQ,,0,
NSE,30012,1,CEREBRAINT,CEREBRAINT-EQ,EQ,,0,
NSE,15039,1,CERA,CERA-EQ,EQ,,0,
NSE,625,1,CENTURYTEX,CENTURYTEX-EQ,EQ,,0,
NSE,13305,1,CENTURYPLY,CENTURYPLY-EQ,EQ,,0,
NSE,14982,1,CENTUM,CENTUM-EQ,EQ,,0,
NSE,2454,1,CENTRUM,CENTRUM-EQ,EQ,,0,
NSE,14894,1,CENTRALBK,CENTRALBK-EQ,EQ,,0,
NSE,11511,1,CENTEXT,CENTEXT-EQ,EQ,,0,
NSE,619,1,CENTENKA,CENTENKA-EQ,EQ,,0,
NSE,13162,1,CELEBRITY,CELEBRITY-EQ,EQ,,0,
NSE,15254,1,CEATLTD,CEATLTD-EQ,EQ,,0,
NSE,21174,1,CDSL,CDSL-EQ,EQ,,0,
NSE,11452,1,CCL,CCL-EQ,EQ,,0,
NSE,6385,1,CCHHL,CCHHL-EQ,EQ,,0,
NSE,1250,1,CASTROLIND,CASTROLIND-EQ,EQ,,0,
NSE,1879,1,CARYSIL,CARYSIL-EQ,EQ,,0,
NSE,5407,1,CARTRADE,CARTRADE-EQ,EQ,,0,
NSE,29113,1,CARERATING,CARERATING-EQ,EQ,,0,
NSE,20086,1,CAREERP,CAREERP-EQ,EQ,,0,
NSE,595,1,CARBORUNIV,CARBORUNIV-EQ,EQ,,0,
NSE,19447,1,CAPTRUST,CAPTRUST-EQ,EQ,,0,
NSE,3906,1,CAPLIPOINT,CAPLIPOINT-EQ,EQ,,0,
NSE,21749,1,CAPACITE,CAPACITE-EQ,EQ,,0,
NSE,20160,1,CANTABIL,CANTABIL-EQ,EQ,,0,
NSE,583,1,CANFINHOME,CANFINHOME-EQ,EQ,,0,
NSE,10794,1,CANBK,CANBK-EQ,EQ,,0,
NSE,342,1,CAMS,CAMS-EQ,EQ,,0,
NSE,9362,1,CAMPUS,CAMPUS-EQ,EQ,,0,
NSE,6216,1,CAMLINFINE,CAMLINFINE-EQ,EQ,,0,
NSE,7919,1,BYKE,BYKE-EQ,EQ,,0,
NSE,15073,1,BVCL,BVCL-EQ,EQ,,0,
NSE,2716,1,BUTTERFLY,BUTTERFLY-EQ,EQ,,0,
NSE,15194,1,BURNPUR,BURNPUR-EQ,EQ,,0,
NSE,14150,1,BTML,BTML-EQ,EQ,,0,
NSE,6994,1,BSOFT,BSOFT-EQ,EQ,,0,
NSE,5957,1,BSLSENETFG,BSLSENETFG-EQ,EQ,,0,
NSE,24781,1,BSLNIFTY,BSLNIFTY-EQ,EQ,,0,
NSE,23804,1,BSLGOLDETF,BSLGOLDETF-EQ,EQ,,0,
NSE,559,1,BSL,BSL-EQ,EQ,,0,
NSE,19585,1,BSE,BSE-EQ,EQ,,0,
NSE,25136,1,BROOKS,BROOKS-EQ,EQ,,0,
NSE,21683,1,BRNL,BRNL-EQ,EQ,,0,
NSE,547,1,BRITANNIA,BRITANNIA-EQ,EQ,,0,
NSE,15184,1,BRIGADE,BRIGADE-EQ,EQ,,0,
NSE,530,1,BPL,BPL-EQ,EQ,,0,
NSE,526,1,BPCL,BPCL-EQ,EQ,,0,
NSE,2181,1,BOSCHLTD,BOSCHLTD-EQ,EQ,,0,
NSE,3149,1,BORORENEW,BORORENEW-EQ,EQ,,0,
NSE,19401,1,BOROLTD,BOROLTD-EQ,EQ,,0,
NSE,513,1,BOMDYEING,BOMDYEING-EQ,EQ,,0,
NSE,11640,1,BOHRAIND,BOHRAIND-EQ,EQ,,0,
NSE,25017,1,BODALCHEM,BODALCHEM-EQ,EQ,,0,
NSE,8311,1,BLUESTARCO,BLUESTARCO-EQ,EQ,,0,
NSE,495,1,BLUEDART,BLUEDART-EQ,EQ,,0,
NSE,17279,1,BLS,BLS-EQ,EQ,,0,
NSE,13290,1,BLKASHYAP,BLKASHYAP-EQ,EQ,,0,
NSE,19265,1,BLISSGVS,BLISSGVS-EQ,EQ,,0,
NSE,8132,1,BLBLIMITED,BLBLIMITED-EQ,EQ,,0,
NSE,15067,1,BLAL,BLAL-EQ,EQ,,0,
NSE,15239,1,BIRLAMONEY,BIRLAMONEY-EQ,EQ,,0,
NSE,480,1,BIRLACORPN,BIRLACORPN-EQ,EQ,,0,
NSE,477,1,BIRLACABLE,BIRLACABLE-EQ,EQ,,0,
NSE,4136,1,BIOFILCHEM,BIOFILCHEM-EQ,EQ,,0,
NSE,11373,1,BIOCON,BIOCON-EQ,EQ,,0,
NSE,13625,1,BINANIIND,BINANIIND-EQ,EQ,,0,
NSE,7848,1,BIL,BIL-EQ,EQ,,0,
NSE,11966,1,BIKAJI,BIKAJI-EQ,EQ,,0,
NSE,18431,1,BIGBLOC,BIGBLOC-EQ,EQ,,0,
NSE,438,1,BHEL,BHEL-EQ,EQ,,0,
NSE,10604,1,BHARTIARTL,BHARTIARTL-EQ,EQ,,0,
NSE,16123,1,BHARATWIRE,BHARATWIRE-EQ,EQ,,0,
NSE,3834,1,BHARATRAS,BHARATRAS-EQ,EQ,,0,
NSE,426,1,BHARATGEAR,BHARATGEAR-EQ,EQ,,0,
NSE,422,1,BHARATFORG,BHARATFORG-EQ,EQ,,0,
NSE,19556,1,BHANDARI,BHANDARI-EQ,EQ,,0,
NSE,20776,1,BHAGYANGR,BHAGYANGR-EQ,EQ,,0,
NSE,13400,1,BHAGERIA,BHAGERIA-EQ,EQ,,0,
NSE,6164,1,BHAGCHEM,BHAGCHEM-EQ,EQ,,0,
NSE,15189,1,BGRENERGY,BGRENERGY-EQ,EQ,,0,
NSE,14567,1,BFUTILITIE,BFUTILITIE-EQ,EQ,,0,
NSE,21113,1,BFINVEST,BFINVEST-EQ,EQ,,0,
NSE,2306,1,BESTAGRO,BESTAGRO-EQ,EQ,,0,
NSE,404,1,BERGEPAINT,BERGEPAINT-EQ,EQ,,0,
NSE,419,1,BEPL,BEPL-EQ,EQ,,0,
NSE,395,1,BEML,BEML-EQ,EQ,,0,
NSE,383,1,BEL,BEL-EQ,EQ,,0,
NSE,20196,1,BEDMUTHA,BEDMUTHA-EQ,EQ,,0,
NSE,1628,1,BECTORFOOD,BECTORFOOD-EQ,EQ,,0,
NSE,17933,1,BEARDSELL,BEARDSELL-EQ,EQ,,0,
NSE,2144,1,BDL,BDL-EQ,EQ,,0,
NSE,7780,1,BCONCEPTS,BCONCEPTS-EQ,EQ,,0,
NSE,2513,1,BCLIND,BCLIND-EQ,EQ,,0,
NSE,8833,1,BCG,BCG-EQ,EQ,,0,
NSE,12153,1,BBTCL,BBTCL-EQ,EQ,,0,
NSE,380,1,BBTC,BBTC-EQ,EQ,,0,
NSE,3435,1,BBOX,BBOX-EQ,EQ,,0,
NSE,13761,1,BBL,BBL-EQ,EQ,,0,
NSE,7196,1,BBETF0432,BBETF0432-EQ,EQ,,0,
NSE,17927,1,BAYERCROP,BAYERCROP-EQ,EQ,,0,
NSE,371,1,BATAINDIA,BATAINDIA-EQ,EQ,,0,
NSE,12034,1,BASML,BASML-EQ,EQ,,0,
NSE,368,1,BASF,BASF-EQ,EQ,,0,
NSE,3127,1,BARBEQUE,BARBEQUE-EQ,EQ,,0,
NSE,14511,1,BANSWRAS,BANSWRAS-EQ,EQ,,0,
NSE,4745,1,BANKINDIA,BANKINDIA-EQ,EQ,,0,
NSE,11439,1,BANKBEES,BANKBEES-EQ,EQ,,0,
NSE,4668,1,BANKBARODA,BANKBARODA-EQ,EQ,,0,
NSE,822,1,BANKA,BANKA-EQ,EQ,,0,
NSE,15303,1,BANG,BANG-EQ,EQ,,0,
NSE,2263,1,BANDHANBNK,BANDHANBNK-EQ,EQ,,0,
NSE,13880,1,BANCOINDIA,BANCOINDIA-EQ,EQ,,0,
NSE,350,1,BANARISUG,BANARISUG-EQ,EQ,,0,
NSE,347,1,BANARBEADS,BANARBEADS-EQ,EQ,,0,
NSE,341,1,BALRAMCHIN,BALRAMCHIN-EQ,EQ,,0,
NSE,13441,1,BALPHARMA,BALPHARMA-EQ,EQ,,0,
NSE,338,1,BALMLAWRIE,BALMLAWRIE-EQ,EQ,,0,
NSE,335,1,BALKRISIND,BALKRISIND-EQ,EQ,,0,
NSE,10181,1,BALKRISHNA,BALKRISHNA-EQ,EQ,,0,
NSE,11309,1,BALAXI,BALAXI-EQ,EQ,,0,
NSE,14501,1,BALAMINES,BALAMINES-EQ,EQ,,0,
NSE,9158,1,BALAJITELE,BALAJITELE-EQ,EQ,,0,
NSE,317,1,BAJFINANCE,BAJFINANCE-EQ,EQ,,0,
NSE,305,1,BAJAJHLDNG,BAJAJHLDNG-EQ,EQ,,0,
NSE,308,1,BAJAJHIND,BAJAJHIND-EQ,EQ,,0,
NSE,6863,1,BAJAJHCARE,BAJAJHCARE-EQ,EQ,,0,
NSE,16675,1,BAJAJFINSV,BAJAJFINSV-EQ,EQ,,0,
NSE,15034,1,BAJAJELEC,BAJAJELEC-EQ,EQ,,0,
NSE,19531,1,BAJAJCON,BAJAJCON-EQ,EQ,,0,
NSE,16669,1,BAJAJ-AUTO,BAJAJ-AUTO-EQ,EQ,,0,
NSE,13794,1,BAIDFIN,BAIDFIN-EQ,EQ,,0,
NSE,11226,1,BAGFILMS,BAGFILMS-EQ,EQ,,0,
NSE,10285,1,AYMSYNTEX,AYMSYNTEX-EQ,EQ,,0,
NSE,14742,1,AXSENSEX,AXSENSEX-EQ,EQ,,0,
NSE,9902,1,AXITA,AXITA-EQ,EQ,,0,
NSE,3010,1,AXISTECETF,AXISTECETF-EQ,EQ,,0,
NSE,21252,1,AXISNIFTY,AXISNIFTY-EQ,EQ,,0,
NSE,11193,1,AXISILVER,AXISILVER-EQ,EQ,,0,
NSE,3608,1,AXISHCETF,AXISHCETF-EQ,EQ,,0,
NSE,20532,1,AXISGOLD,AXISGOLD-EQ,EQ,,0,
NSE,5732,1,AXISCETF,AXISCETF-EQ,EQ,,0,
NSE,9436,1,AXISCADES,AXISCADES-EQ,EQ,,0,
NSE,3530,1,AXISBPSETF,AXISBPSETF-EQ,EQ,,0,
NSE,1044,1,AXISBNKETF,AXISBNKETF-EQ,EQ,,0,
NSE,5900,1,AXISBANK,AXISBANK-EQ,EQ,,0,
NSE,8110,1,AWL,AWL-EQ,EQ,,0,
NSE,1797,1,AWHCL,AWHCL-EQ,EQ,,0,
NSE,14008,1,AVTNPL,AVTNPL-EQ,EQ,,0,
NSE,8827,1,AVROIND,AVROIND-EQ,EQ,,0,
NSE,13557,1,AVONMORE,AVONMORE-EQ,EQ,,0,
NSE,15589,1,AVG,AVG-EQ,EQ,,0,
NSE,7936,1,AVANTIFEED,AVANTIFEED-EQ,EQ,,0,
NSE,15058,1,AVALON,AVALON-EQ,EQ,,0,
NSE,21406,1,AVADHSUGAR,AVADHSUGAR-EQ,EQ,,0,
NSE,14106,1,AUTOIND,AUTOIND-EQ,EQ,,0,
NSE,7880,1,AUTOBEES,AUTOBEES-EQ,EQ,,0,
NSE,278,1,AUTOAXLES,AUTOAXLES-EQ,EQ,,0,
NSE,4037,1,AUSOMENT,AUSOMENT-EQ,EQ,,0,
NSE,10310,1,AURUM,AURUM-EQ,EQ,,0,
NSE,275,1,AUROPHARMA,AUROPHARMA-EQ,EQ,,0,
NSE,21238,1,AUBANK,AUBANK-EQ,EQ,,0,
NSE,30023,1,ATULAUTO,ATULAUTO-EQ,EQ,,0,
NSE,263,1,ATUL,ATUL-EQ,EQ,,0,
NSE,13585,1,ATLANTA,ATLANTA-EQ,EQ,,0,
NSE,6066,1,ATGL,ATGL-EQ,EQ,,0,
NSE,1663,1,ATFL,ATFL-EQ,EQ,,0,
NSE,15649,1,ATALREAL,ATALREAL-EQ,EQ,,0,
NSE,874,1,ASTRON,ASTRON-EQ,EQ,,0,
NSE,5610,1,ASTRAZEN,ASTRAZEN-EQ,EQ,,0,
NSE,11618,1,ASTRAMICRO,ASTRAMICRO-EQ,EQ,,0,
NSE,14418,1,ASTRAL,ASTRAL-EQ,EQ,,0,
NSE,1508,1,ASTERDM,ASTERDM-EQ,EQ,,0,
NSE,17728,1,ASTEC,ASTEC-EQ,EQ,,0,
NSE,17270,1,ASPINWALL,ASPINWALL-EQ,EQ,,0,
NSE,14889,1,ASIANTILES,ASIANTILES-EQ,EQ,,0,
NSE,236,1,ASIANPAINT,ASIANPAINT-EQ,EQ,,0,
NSE,18422,1,ASIANHOTNR,ASIANHOTNR-EQ,EQ,,0,
NSE,7030,1,ASIANENE,ASIANENE-EQ,EQ,,0,
NSE,212,1,ASHOKLEY,ASHOKLEY-EQ,EQ,,0,
NSE,20182,1,ASHOKA,ASHOKA-EQ,EQ,,0,
NSE,206,1,ASHIMASYN,ASHIMASYN-EQ,EQ,,0,
NSE,24403,1,ASHIANA,ASHIANA-EQ,EQ,,0,
NSE,203,1,ASHAPURMIN,ASHAPURMIN-EQ,EQ,,0,
NSE,17598,1,ASALCBR,ASALCBR-EQ,EQ,,0,
NSE,10634,1,ASAL,ASAL-EQ,EQ,,0,
NSE,25088,1,ASAHISONG,ASAHISONG-EQ,EQ,,0,
NSE,5378,1,ASAHIINDIA,ASAHIINDIA-EQ,EQ,,0,
NSE,10457,1,ARVSMART,ARVSMART-EQ,EQ,,0,
NSE,9111,1,ARVINDFASN,ARVINDFASN-EQ,EQ,,0,
NSE,193,1,ARVIND,ARVIND-EQ,EQ,,0,
NSE,2814,1,ARVEE,ARVEE-EQ,EQ,,0,
NSE,6156,1,ARTNIRMAN,ARTNIRMAN-EQ,EQ,,0,
NSE,16913,1,ARTEMISMED,ARTEMISMED-EQ,EQ,,0,
NSE,17821,1,ARSHIYA,ARSHIYA-EQ,EQ,,0,
NSE,9260,1,ARROWGREEN,ARROWGREEN-EQ,EQ,,0,
NSE,14557,1,AROGRANITE,AROGRANITE-EQ,EQ,,0,
NSE,17263,1,ARMANFIN,ARMANFIN-EQ,EQ,,0,
NSE,20159,1,ARIHANTSUP,ARIHANTSUP-EQ,EQ,,0,
NSE,3813,1,ARIHANTCAP,ARIHANTCAP-EQ,EQ,,0,
NSE,15204,1,ARIES,ARIES-EQ,EQ,,0,
NSE,181,1,ARENTERP,ARENTERP-EQ,EQ,,0,
NSE,5688,1,ARCHIES,ARCHIES-EQ,EQ,,0,
NSE,16795,1,ARCHIDPLY,ARCHIDPLY-EQ,EQ,,0,
NSE,5435,1,APTUS,APTUS-EQ,EQ,,0,
NSE,10755,1,APTECHT,APTECHT-EQ,EQ,,0,
NSE,6302,1,APOLSINHOT,APOLSINHOT-EQ,EQ,,0,
NSE,163,1,APOLLOTYRE,APOLLOTYRE-EQ,EQ,,0,
NSE,14361,1,APOLLOPIPE,APOLLOPIPE-EQ,EQ,,0,
NSE,157,1,APOLLOHOSP,APOLLOHOSP-EQ,EQ,,0,
NSE,1134,1,APOLLO,APOLLO-EQ,EQ,,0,
NSE,25328,1,APLLTD,APLLTD-EQ,EQ,,0,
NSE,25780,1,APLAPOLLO,APLAPOLLO-EQ,EQ,,0,
NSE,21623,1,APEX,APEX-EQ,EQ,,0,
NSE,154,1,APCOTEXIND,APCOTEXIND-EQ,EQ,,0,
NSE,20453,1,APCL,APCL-EQ,EQ,,0,
NSE,11491,1,APARINDS,APARINDS-EQ,EQ,,0,
NSE,2829,1,ANURAS,ANURAS-EQ,EQ,,0,
NSE,9014,1,ANUP,ANUP-EQ,EQ,,0,
NSE,5194,1,ANTGRAPHIC,ANTGRAPHIC-EQ,EQ,,0,
NSE,16192,1,PAVNAIND,PAVNAIND-EQ,EQ,,0,
NSE,15244,1,KAVVERITEL,KAVVERITEL-EQ,EQ,,0,
NSE,1814,1,KPIL,KPIL-EQ,EQ,,0,
NSE,16658,1,SIGMA,SIGMA-EQ,EQ,,0,
NSE,16682,1,PTCIL,PTCIL-EQ,EQ,,0,
NSE,2951,1,S&SPOWER,S&SPOWER-EQ,EQ,,0,
NSE,10932,1,RADAAN,RADAAN-EQ,EQ,,0,
NSE,13693,1,INFOMEDIA,INFOMEDIA-EQ,EQ,,0,
NSE,3693,1,GAYAHWS,GAYAHWS-EQ,EQ,,0,
NSE,7480,1,BLUECOAST,BLUECOAST-EQ,EQ,,0,
NSE,16736,1,MKPL,MKPL-EQ,EQ,,0,
NSE,16777,1,MASILVER,MASILVER-EQ,EQ,,0,
NSE,16822,1,IKIO,IKIO-EQ,EQ,,0,
NSE,11593,1,HDFCSENSEX,HDFCSENSEX-EQ,EQ,,0,
NSE,11591,1,HDFCNIFTY,HDFCNIFTY-EQ,EQ,,0,
NSE,22433,1,HDFCNIFBAN,HDFCNIFBAN-EQ,EQ,,0,
NSE,19543,1,HDFCGOLD,HDFCGOLD-EQ,EQ,,0,
NSE,15414,1,TITAGARH,TITAGARH-EQ,EQ,,0,
NSE,14937,1,CIEINDIA,CIEINDIA-EQ,EQ,,0,
NSE,9378,1,TRU,TRU-EQ,EQ,,0,
NSE,16859,1,SINDHUTRAD,SINDHUTRAD-EQ,EQ,,0,
NSE,1129,1,KEERTI,KEERTI-EQ,EQ,,0,
NSE,4681,1,BLUECHIP,BLUECHIP-EQ,EQ,,0,
NSE,16696,1,GHCLTEXTIL,GHCLTEXTIL-EQ,EQ,,0,
NSE,16943,1,ASHOKAMET,ASHOKAMET-EQ,EQ,,0,
NSE,3727,1,ANMOL,ANMOL-EQ,EQ,,0,
NSE,16657,1,ANIKINDS,ANIKINDS-EQ,EQ,,0,
NSE,324,1,ANGELONE,ANGELONE-EQ,EQ,,0,
NSE,20296,1,SHAH,SHAH-EQ,EQ,,0,
NSE,6262,1,SELMC,SELMC-EQ,EQ,,0,
NSE,17010,1,GENSOL,GENSOL-EQ,EQ,,0,
NSE,17053,1,HMAAGRO,HMAAGRO-EQ,EQ,,0,
NSE,17071,1,URAVI,URAVI-EQ,EQ,,0,
NSE,5206,1,ANDREWYU,ANDREWYU-EQ,EQ,,0,
NSE,17140,1,IDEAFORGE,IDEAFORGE-EQ,EQ,,0,
NSE,136,1,ANDHRSUGAR,ANDHRSUGAR-EQ,EQ,,0,
NSE,17187,1,CYIENTDLM,CYIENTDLM-EQ,EQ,,0,
NSE,17197,1,PAKKA,PAKKA-EQ,EQ,,0,
NSE,166,1,ANDHRAPAP,ANDHRAPAP-EQ,EQ,,0,
NSE,13620,1,ANANTRAJ,ANANTRAJ-EQ,EQ,,0,
NSE,7145,1,ANANDRATHI,ANANDRATHI-EQ,EQ,,0,
NSE,17547,1,AMRUTANJAN,AMRUTANJAN-EQ,EQ,,0,
NSE,2598,1,AMJLAND,AMJLAND-EQ,EQ,,0,
NSE,17207,1,DSPITETF,DSPITETF-EQ,EQ,,0,
NSE,17271,1,SENCO,SENCO-EQ,EQ,,0,
NSE,5578,1,AMIORG,AMIORG-EQ,EQ,,0,
NSE,17313,1,LLOYDSME,LLOYDSME-EQ,EQ,,0,
NSE,1270,1,AMBUJACEM,AMBUJACEM-EQ,EQ,,0,
NSE,15234,1,AMBIKCO,AMBIKCO-EQ,EQ,,0,
NSE,1185,1,AMBER,AMBER-EQ,EQ,,0,
NSE,100,1,AMARAJABAT,AMARAJABAT-EQ,EQ,,0,
NSE,17358,1,UTKARSHBNK,UTKARSHBNK-EQ,EQ,,0,
NSE,14597,1,ALPHAGEO,ALPHAGEO-EQ,EQ,,0,
NSE,14848,1,ALPA,ALPA-EQ,EQ,,0,
NSE,3570,1,UCAL,UCAL-EQ,EQ,,0,
NSE,17419,1,BANKETF,BANKETF-EQ,EQ,,0,
NSE,17433,1,NETWEB,NETWEB-EQ,EQ,,0,
NSE,17572,1,LIQUID,LIQUID-EQ,EQ,,0,
NSE,25640,1,LICMFGOLD,LICMFGOLD-EQ,EQ,,0,
NSE,17613,1,DSPSENXETF,DSPSENXETF-EQ,EQ,,0,
NSE,17576,1,DSPPVBKETF,DSPPVBKETF-EQ,EQ,,0,
NSE,17616,1,DSPPSBKETF,DSPPSBKETF-EQ,EQ,,0,
NSE,28859,1,PROZONER,PROZONER-EQ,EQ,,0,
NSE,17738,1,YATHARTH,YATHARTH-EQ,EQ,,0,
NSE,20950,1,RKDL,RKDL-EQ,EQ,,0,
NSE,29008,1,TVSHLTD,TVSHLTD-EQ,EQ,,0,
NSE,17808,1,ICICIQTY30,ICICIQTY30-EQ,EQ,,0,
NSE,21427,1,THEINVEST,THEINVEST-EQ,EQ,,0,
NSE,14607,1,TGBHOTELS,TGBHOTELS-EQ,EQ,,0,
NSE,1497,1,SHIVAMILLS,SHIVAMILLS-EQ,EQ,,0,
NSE,18026,1,SBFC,SBFC-EQ,EQ,,0,
NSE,11699,1,PATELENG,PATELENG-EQ,EQ,,0,
NSE,10922,1,OMAXAUTO,OMAXAUTO-EQ,EQ,,0,
NSE,18371,1,NDGL,NDGL-EQ,EQ,,0,
NSE,4394,1,MIRZAINT,MIRZAINT-EQ,EQ,,0,
NSE,10227,1,MANORAMA,MANORAMA-EQ,EQ,,0,
NSE,13753,1,MANOMAY,MANOMAY-EQ,EQ,,0,
NSE,18220,1,KECL,KECL-EQ,EQ,,0,
NSE,1681,1,IVP,IVP-EQ,EQ,,0,
NSE,16783,1,GET&D,GET&D-EQ,EQ,,0,
NSE,8341,1,CALSOFT,CALSOFT-EQ,EQ,,0,
NSE,12022,1,AURIONPRO,AURIONPRO-EQ,EQ,,0,
NSE,15404,1,ATAM,ATAM-EQ,EQ,,0,
NSE,18060,1,CONCORDBIO,CONCORDBIO-EQ,EQ,,0,
NSE,18131,1,YASHO,YASHO-EQ,EQ,,0,
NSE,18119,1,SRGHFL,SRGHFL-EQ,EQ,,0,
NSE,809,1,BSHSL,BSHSL-EQ,EQ,,0,
NSE,18151,1,TVSSCS,TVSSCS-EQ,EQ,,0,
NSE,17747,1,NIITMTS,NIITMTS-EQ,EQ,,0,
NSE,17795,1,TREL,TREL-EQ,EQ,,0,
NSE,17778,1,ATL,ATL-EQ,EQ,,0,
NSE,17859,1,REDTAPE,REDTAPE-EQ,EQ,,0,
NSE,18232,1,LORDSCHLO,LORDSCHLO-EQ,EQ,,0,
NSE,18012,1,VLEGOV,VLEGOV-EQ,EQ,,0,
NSE,18279,1,HDFCLIQUID,HDFCLIQUID-EQ,EQ,,0,
NSE,16777,1,SILVRETF,SILVRETF-EQ,EQ,,0,
NSE,6353,1,NIFTYETF,NIFTYETF-EQ,EQ,,0,
NSE,17181,1,NEXT50,NEXT50-EQ,EQ,,0,
NSE,8413,1,MIDCAPETF,MIDCAPETF-EQ,EQ,,0,
NSE,7979,1,MAKEINDIA,MAKEINDIA-EQ,EQ,,0,
NSE,14786,1,LOWVOL,LOWVOL-EQ,EQ,,0,
NSE,14938,1,GSEC10YEAR,GSEC10YEAR-EQ,EQ,,0,
NSE,14286,1,GOLDETF,GOLDETF-EQ,EQ,,0,
NSE,1200,1,ESG,ESG-EQ,EQ,,0,
NSE,5220,1,BFSI,BFSI-EQ,EQ,,0,
NSE,18143,1,JIOFIN,JIOFIN-EQ,EQ,,0,
NSE,18139,1,DOLPHIN,DOLPHIN-EQ,EQ,,0,
NSE,18341,1,VPRPL,VPRPL-EQ,EQ,,0,
NSE,18347,1,NIFMID150,NIFMID150-EQ,EQ,,0,
NSE,18359,1,SANDUMA,SANDUMA-EQ,EQ,,0,
NSE,18417,1,RISHABH,RISHABH-EQ,EQ,,0,
NSE,3009,1,KOHINOOR,KOHINOOR-EQ,EQ,,0,
NSE,1826,1,KAMATHOTEL,KAMATHOTEL-EQ,EQ,,0,
NSE,5382,1,EPIGRAL,EPIGRAL-EQ,EQ,,0,
NSE,4040,1,EIMCOELECO,EIMCOELECO-EQ,EQ,,0,
NSE,4064,1,CUBEXTUB,CUBEXTUB-EQ,EQ,,0,
NSE,18250,1,PYRAMID,PYRAMID-EQ,EQ,,0,
NSE,4060,1,ALPSINDUS,ALPSINDUS-EQ,EQ,,0,
NSE,4020,1,UNIVAFOODS,UNIVAFOODS-EQ,EQ,,0,
NSE,18553,1,JLHL,JLHL-EQ,EQ,,0,
NSE,18566,1,RRKABEL,RRKABEL-EQ,EQ,,0,
NSE,14398,1,AMDIND,AMDIND-EQ,EQ,,0,
NSE,18593,1,EMSLIMITED,EMSLIMITED-EQ,EQ,,0,
NSE,18608,1,ZAGGLE,ZAGGLE-EQ,EQ,,0,
NSE,18614,1,SAMHI,SAMHI-EQ,EQ,,0,
NSE,18668,1,NAVINIFTY,NAVINIFTY-EQ,EQ,,0,
NSE,18644,1,DIAMINESQ,DIAMINESQ-EQ,EQ,,0,
NSE,18423,1,RATNAVEER,RATNAVEER-EQ,EQ,,0,
NSE,18743,1,SIGNATURE,SIGNATURE-EQ,EQ,,0,
NSE,18755,1,KALAMANDIR,KALAMANDIR-EQ,EQ,,0,
NSE,18760,1,YATRA,YATRA-EQ,EQ,,0,
NSE,25041,1,WINSOME,WINSOME-EQ,EQ,,0,
NSE,926,1,ORCHPHARMA,ORCHPHARMA-EQ,EQ,,0,
NSE,19015,1,MVGJL,MVGJL-EQ,EQ,,0,
NSE,7169,1,MICEL,MICEL-EQ,EQ,,0,
NSE,19020,1,JSWINFRA,JSWINFRA-EQ,EQ,,0,
NSE,19113,1,UDS,UDS-EQ,EQ,,0,
NSE,18543,1,DIACABS,DIACABS-EQ,EQ,,0,
NSE,19224,1,SENSEXETF,SENSEXETF-EQ,EQ,,0,
NSE,19237,1,MONIFTY500,MONIFTY500-EQ,EQ,,0,
NSE,9641,1,KHANDSE,KHANDSE-EQ,EQ,,0,
NSE,19279,1,THEJO,THEJO-EQ,EQ,,0,
NSE,18721,1,NUVAMA,NUVAMA-EQ,EQ,,0,
NSE,19496,1,SECMARK,SECMARK-EQ,EQ,,0,
NSE,13111,1,ORIENTCER,ORIENTCER-EQ,EQ,,0,
NSE,25536,1,UJAAS,UJAAS-EQ,EQ,,0,
NSE,19218,1,VALIANTLAB,VALIANTLAB-EQ,EQ,,0,
NSE,1593,1,MGEL,MGEL-EQ,EQ,,0,
NSE,19597,1,IRMENERGY,IRMENERGY-EQ,EQ,,0,
NSE,19434,1,SICALLOG,SICALLOG-EQ,EQ,,0,
NSE,19458,1,PLAZACABLE,PLAZACABLE-EQ,EQ,,0,
NSE,19633,1,ITETF,ITETF-EQ,EQ,,0,
NSE,100,1,ARE&M,ARE&M-EQ,EQ,,0,
NSE,27303,1,SAMPANN,SAMPANN-EQ,EQ,,0,
NSE,16751,1,RANEENGINE,RANEENGINE-EQ,EQ,,0,
NSE,19501,1,TCLCONS,TCLCONS-EQ,EQ,,0,
NSE,17029,1,PATANJALI,PATANJALI-EQ,EQ,,0,
NSE,19686,1,BLUEJET,BLUEJET-EQ,EQ,,0,
NSE,19705,1,LIQUIDSBI,LIQUIDSBI-EQ,EQ,,0,
NSE,13816,1,LTFOODS,LTFOODS-EQ,EQ,,0,
NSE,19795,1,CELLO,CELLO-EQ,EQ,,0,
NSE,19783,1,MUFIN,MUFIN-EQ,EQ,,0,
NSE,11256,1,JAIBALAJI,JAIBALAJI-EQ,EQ,,0,
NSE,19813,1,HONASA,HONASA-EQ,EQ,,0,
NSE,19878,1,ESAFSFB,ESAFSFB-EQ,EQ,,0,
NSE,19933,1,EGOLD,EGOLD-EQ,EQ,,0,
NSE,21095,1,SPYL,SPYL-EQ,EQ,,0,
NSE,17801,1,LLOYDSENGG,LLOYDSENGG-EQ,EQ,,0,
NSE,19646,1,MAXESTATES,MAXESTATES-EQ,EQ,,0,
NSE,26501,1,INDEX2 NSETEST,INDEX2 NSETEST,INDEX,,0,
NSE,26500,1,INDEX1 NSETEST,INDEX1 NSETEST,INDEX,,0,
NSE,20152,1,ASKAUTOLTD,ASKAUTOLTD-EQ,EQ,,0,
NSE,1389,1,SUPREMEENG,SUPREMEENG-EQ,EQ,,0,
NSE,3512,1,TNTELE,TNTELE-EQ,EQ,,0,
NSE,19691,1,JITFINFRA,JITFINFRA-EQ,EQ,,0,
NSE,20257,1,ESILVER,ESILVER-EQ,EQ,,0,
NSE,20261,1,IREDA,IREDA-EQ,EQ,,0,
NSE,20293,1,TATATECH,TATATECH-EQ,EQ,,0,
NSE,20303,1,GANDHAR,GANDHAR-EQ,EQ,,0,
NSE,20322,1,FEDFINA,FEDFINA-EQ,EQ,,0,
NSE,19867,1,AMNPLST,AMNPLST-EQ,EQ,,0,
NSE,19640,1,ALPHAETF,ALPHAETF-EQ,EQ,,0,
NSE,17675,1,ALOKINDS,ALOKINDS-EQ,EQ,,0,
NSE,16719,1,ALMONDZ,ALMONDZ-EQ,EQ,,0,
NSE,11798,1,ALLSEC,ALLSEC-EQ,EQ,,0,
NSE,13501,1,ALLCARGO,ALLCARGO-EQ,EQ,,0,
NSE,4487,1,ALKYLAMINE,ALKYLAMINE-EQ,EQ,,0,
NSE,11703,1,ALKEM,ALKEM-EQ,EQ,,0,
NSE,16959,1,ALKALI,ALKALI-EQ,EQ,,0,
NSE,13656,1,ALICON,ALICON-EQ,EQ,,0,
NSE,79,1,ALEMBICLTD,ALEMBICLTD-EQ,EQ,,0,
NSE,17256,1,ALBERTDAVD,ALBERTDAVD-EQ,EQ,,0,
NSE,9921,1,ALANKIT,ALANKIT-EQ,EQ,,0,
NSE,1467,1,AKZOINDIA,AKZOINDIA-EQ,EQ,,0,
NSE,20178,1,AKSHARCHEM,AKSHARCHEM-EQ,EQ,,0,
NSE,9558,1,AKSHAR,AKSHAR-EQ,EQ,,0,
NSE,2176,1,AKG,AKG-EQ,EQ,,0,
NSE,13510,1,AKASH,AKASH-EQ,EQ,,0,
NSE,3403,1,AJOONI,AJOONI-EQ,EQ,,0,
NSE,17307,1,AJMERA,AJMERA-EQ,EQ,,0,
NSE,8124,1,AJANTPHARM,AJANTPHARM-EQ,EQ,,0,
NSE,6068,1,AIROLAM,AIROLAM-EQ,EQ,,0,
NSE,13086,1,AIAENG,AIAENG-EQ,EQ,,0,
NSE,17833,1,AHLUCONT,AHLUCONT-EQ,EQ,,0,
NSE,19438,1,AHLEAST,AHLEAST-EQ,EQ,,0,
NSE,2004,1,AHLADA,AHLADA-EQ,EQ,,0,
NSE,13288,1,AHL,AHL-EQ,EQ,,0,
NSE,7927,1,AGSTRA,AGSTRA-EQ,EQ,,0,
NSE,9046,1,AGROPHOS,AGROPHOS-EQ,EQ,,0,
NSE,11072,1,AGRITECH,AGRITECH-EQ,EQ,,0,
NSE,1412,1,AGI,AGI-EQ,EQ,,0,
NSE,3389,1,AGARIND,AGARIND-EQ,EQ,,0,
NSE,11343,1,AFFLE,AFFLE-EQ,EQ,,0,
NSE,9810,1,AETHER,AETHER-EQ,EQ,,0,
NSE,18268,1,AEROFLEX,AEROFLEX-EQ,EQ,,0,
NSE,40,1,AEGISCHEM,AEGISCHEM-EQ,EQ,,0,
NSE,18039,1,ADVENZYMES,ADVENZYMES-EQ,EQ,,0,
NSE,14745,1,ADVANIHOTR,ADVANIHOTR-EQ,EQ,,0,
NSE,14813,1,ADSL,ADSL-EQ,EQ,,0,
NSE,34,1,ADORWELD,ADORWELD-EQ,EQ,,0,
NSE,19761,1,ADFFOODS,ADFFOODS-EQ,EQ,,0,
NSE,17388,1,ADANIPOWER,ADANIPOWER-EQ,EQ,,0,
NSE,15083,1,ADANIPORTS,ADANIPORTS-EQ,EQ,,0,
NSE,3563,1,ADANIGREEN,ADANIGREEN-EQ,EQ,,0,
NSE,25,1,ADANIENT,ADANIENT-EQ,EQ,,0,
NSE,10217,1,ADANIENSOL,ADANIENSOL-EQ,EQ,,0,
NSE,13688,1,ACLGATI,ACLGATI-EQ,EQ,,0,
NSE,15420,1,ACL,ACL-EQ,EQ,,0,
NSE,12024,1,ACI,ACI-EQ,EQ,,0,
NSE,11779,1,ACEINTEG,ACEINTEG-EQ,EQ,,0,
NSE,13587,1,ACE,ACE-EQ,EQ,,0,
NSE,7053,1,ACCELYA,ACCELYA-EQ,EQ,,0,
NSE,22,1,ACC,ACC-EQ,EQ,,0,
NSE,7339,1,ABSLNN50ET,ABSLNN50ET-EQ,EQ,,0,
NSE,14518,1,ABSLLIQUID,ABSLLIQUID-EQ,EQ,,0,
NSE,13987,1,ABSLBANETF,ABSLBANETF-EQ,EQ,,0,
NSE,6018,1,ABSLAMC,ABSLAMC-EQ,EQ,,0,
NSE,30108,1,ABFRL,ABFRL-EQ,EQ,,0,
NSE,21614,1,ABCAPITAL,ABCAPITAL-EQ,EQ,,0,
NSE,17903,1,ABBOTINDIA,ABBOTINDIA-EQ,EQ,,0,
NSE,13,1,ABB,ABB-EQ,EQ,,0,
NSE,5385,1,AAVAS,AAVAS-EQ,EQ,,0,
NSE,19073,1,AARVI,AARVI-EQ,EQ,,0,
NSE,13771,1,AARVEEDEN,AARVEEDEN-EQ,EQ,,0,
NSE,19233,1,AARTISURF,AARTISURF-EQ,EQ,,0,
NSE,13868,1,AARTIPHARM,AARTIPHARM-EQ,EQ,,0,
NSE,7,1,AARTIIND,AARTIIND-EQ,EQ,,0,
NSE,4481,1,AARTIDRUGS,AARTIDRUGS-EQ,EQ,,0,
NSE,1030,1,AARON,AARON-EQ,EQ,,0,
NSE,235,1,AAKASH,AAKASH-EQ,EQ,,0,
NSE,12533,1,AAATECH,AAATECH-EQ,EQ,,0,
NSE,11868,1,63MOONS,63MOONS-EQ,EQ,,0,
NSE,445,1,5PAISA,5PAISA-EQ,EQ,,0,
NSE,2595,1,3PLAND,3PLAND-EQ,EQ,,0,
NSE,474,1,3MINDIA,3MINDIA-EQ,EQ,,0,
NSE,6232,1,3IINFOLTD,3IINFOLTD-EQ,EQ,,0,
NSE,13061,1,360ONE,360ONE-EQ,EQ,,0,
NSE,4,1,21STCENMGM,21STCENMGM-EQ,EQ,,0,
NSE,16921,1,20MICRONS,20MICRONS-EQ,EQ,,0,
NSE,14784,1,161NSETEST,161NSETEST-EQ,EQ,,0,
NSE,14782,1,151NSETEST,151NSETEST-EQ,EQ,,0,
NSE,14781,1,141NSETEST,141NSETEST-EQ,EQ,,0,
NSE,14778,1,131NSETEST,131NSETEST-EQ,EQ,,0,
NSE,14777,1,121NSETEST,121NSETEST-EQ,EQ,,0,
NSE,12841,1,11NSETEST,11NSETEST-EQ,EQ,,0,
NSE,14774,1,111NSETEST,111NSETEST-EQ,EQ,,0,
NSE,14772,1,101NSETEST,101NSETEST-EQ,EQ,,0,
NSE,14769,1,091NSETEST,091NSETEST-EQ,EQ,,0,
NSE,14767,1,081NSETEST,081NSETEST-EQ,EQ,,0,
NSE,14764,1,071NSETEST,071NSETEST-EQ,EQ,,0,
NSE,14762,1,061NSETEST,061NSETEST-EQ,EQ,,0,
NSE,14758,1,051NSETEST,051NSETEST-EQ,EQ,,0,
NSE,14755,1,041NSETEST,041NSETEST-EQ,EQ,,0,
NSE,14753,1,031NSETEST,031NSETEST-EQ,EQ,,0,
NSE,14751,1,021NSETEST,021NSETEST-EQ,EQ,,0,
NSE,14747,1,011NSETEST,011NSETEST-EQ,EQ,,0,
NSE,20372,1,FLAIR,FLAIR-EQ,EQ,,0,
NSE,14924,1,LAL,LAL-EQ,EQ,,0,
NSE,6429,1,RSSOFTWARE,RSSOFTWARE-EQ,EQ,,0,
NSE,17,1,GATECHDVR,GATECHDVR-EQ,EQ,,0,
NSE,11496,1,AMBICAAGAR,AMBICAAGAR-EQ,EQ,,0,
NSE,17888,1,GATECH,GATECH-EQ,EQ,,0,
NSE,11253,1,WELSPUNLIV,WELSPUNLIV-EQ,EQ,,0,
NSE,17145,1,AARTECH,AARTECH-EQ,EQ,,0,
NSE,20547,1,BBNPPGOLD,BBNPPGOLD-EQ,EQ,,0,
NSE,7942,1,SILVERIETF,SILVERIETF-EQ,EQ,,0,
NSE,4378,1,SENSEXIETF,SENSEXIETF-EQ,EQ,,0,
NSE,17808,1,QUAL30IETF,QUAL30IETF-EQ,EQ,,0,
NSE,11386,1,PVTBANIETF,PVTBANIETF-EQ,EQ,,0,
NSE,14584,1,PSUBNKIETF,PSUBNKIETF-EQ,EQ,,0,
NSE,17475,1,NV20IETF,NV20IETF-EQ,EQ,,0,
NSE,29553,1,NIFTYIETF,NIFTYIETF-EQ,EQ,,0,
NSE,30392,1,NIF100IETF,NIF100IETF-EQ,EQ,,0,
NSE,4529,1,NEXT50IETF,NEXT50IETF-EQ,EQ,,0,
NSE,10585,1,MOM30IETF,MOM30IETF-EQ,EQ,,0,
NSE,17702,1,MIDSELIETF,MIDSELIETF-EQ,EQ,,0,
NSE,17152,1,MIDCAPIETF,MIDCAPIETF-EQ,EQ,,0,
NSE,21254,1,LOWVOLIETF,LOWVOLIETF-EQ,EQ,,0,
NSE,4838,1,LIQUIDIETF,LIQUIDIETF-EQ,EQ,,0,
NSE,22365,1,ITIETF,ITIETF-EQ,EQ,,0,
NSE,10723,1,INFRAIETF,INFRAIETF-EQ,EQ,,0,
NSE,20556,1,INDIASHLTR,INDIASHLTR-EQ,EQ,,0,
NSE,3626,1,HEALTHIETF,HEALTHIETF-EQ,EQ,,0,
NSE,8342,1,GSEC5IETF,GSEC5IETF-EQ,EQ,,0,
NSE,13143,1,GSEC10IETF,GSEC10IETF-EQ,EQ,,0,
NSE,19679,1,GOLDIETF,GOLDIETF-EQ,EQ,,0,
NSE,5306,1,FMCGIETF,FMCGIETF-EQ,EQ,,0,
NSE,12578,1,FINIETF,FINIETF-EQ,EQ,,0,
NSE,20551,1,DOMS,DOMS-EQ,EQ,,0,
NSE,6446,1,CONSUMIETF,CONSUMIETF-EQ,EQ,,0,
NSE,13198,1,COMMOIETF,COMMOIETF-EQ,EQ,,0,
NSE,3001,1,BSE500IETF,BSE500IETF-EQ,EQ,,0,
NSE,11037,1,BANKIETF,BANKIETF-EQ,EQ,,0,
NSE,7844,1,AUTOIETF,AUTOIETF-EQ,EQ,,0,
NSE,22344,1,ALPL30IETF,ALPL30IETF-EQ,EQ,,0,
NSE,20607,1,INOXINDIA,INOXINDIA-EQ,EQ,,0,
NSE,20822,1,SURAJEST,SURAJEST-EQ,EQ,,0,
NSE,20831,1,MUTHOOTMF,MUTHOOTMF-EQ,EQ,,0,
NSE,1129,1,GTECJAINX,GTECJAINX-EQ,EQ,,0,
NSE,20878,1,MUFTI,MUFTI-EQ,EQ,,0,
NSE,20854,1,HAPPYFORGE,HAPPYFORGE-EQ,EQ,,0,
NSE,20905,1,AZAD,AZAD-EQ,EQ,,0,
NSE,21062,1,INNOVACAP,INNOVACAP-EQ,EQ,,0,
NSE,19937,1,KILITCH,KILITCH-EQ,EQ,,0,
NSE,8591,1,AKSHOPTFBR,AKSHOPTFBR-EQ,EQ,,0,
NSE,9897,1,AIRAN,AIRAN-EQ,EQ,,0,
NSE,5245,1,AAREYDRUGS,AAREYDRUGS-EQ,EQ,,0,
NSE,20531,1,BAJEL,BAJEL-EQ,EQ,,0,
NSE,14828,1,WSI,WSI-EQ,EQ,,0,
NSE,26082,1,NiftyM150Momntm50,NiftyM150Momntm50,INDEX,,0,
NSE,26081,1,Nifty200 Alpha 30,Nifty200 Alpha 30,INDEX,,0,
NSE,20788,1,MOTISONS,MOTISONS-EQ,EQ,,0,
NSE,20874,1,RBZJEWEL,RBZJEWEL-EQ,EQ,,0,
NSE,20956,1,SUNCLAY,SUNCLAY-EQ,EQ,,0,
NSE,11961,1,SEMAC,SEMAC-EQ,EQ,,0,
NSE,21334,1,JYOTICNC,JYOTICNC-EQ,EQ,,0,
NSE,21428,1,TATSILV,TATSILV-EQ,EQ,,0,
NSE,21401,1,TATAGOLD,TATAGOLD-EQ,EQ,,0,
NSE,1802,1,JYOTISTRUC,JYOTISTRUC-EQ,EQ,,0,
NSE,21705,1,MEDIASSIST,MEDIASSIST-EQ,EQ,,0,
NSE,21578,1,COMSYN,COMSYN-EQ,EQ,,0,
NSE,21750,1,LIQUIDCASE,LIQUIDCASE-EQ,EQ,,0,
NSE,21247,1,DIGIDRIVE,DIGIDRIVE-EQ,EQ,,0,
NSE,21794,1,DAVANGERE,DAVANGERE-EQ,EQ,,0,
NSE,8806,1,SONAMLTD,SONAMLTD-EQ,EQ,,0,
NSE,21959,1,NIFTYBETF,NIFTYBETF-EQ,EQ,,0,
NSE,21986,1,BANKBETF,BANKBETF-EQ,EQ,,0,
NSE,10,1,ABAN,ABAN-EQ,EQ,,0,
NSE,22463,1,EPACK,EPACK-EQ,EQ,,0,
NSE,19876,1,LGHL,LGHL-EQ,EQ,,0,
NSE,14064,1,ASMS,ASMS-EQ,EQ,,0,
NSE,5549,1,ABMINTLLTD,ABMINTLLTD-EQ,EQ,,0,
NSE,22488,1,NIFITETF,NIFITETF-EQ,EQ,,0,
NSE,22521,1,NIF5GETF,NIF5GETF-EQ,EQ,,0,
NSE,22524,1,NIF10GETF,NIF10GETF-EQ,EQ,,0,
NSE,22566,1,BLSE,BLSE-EQ,EQ,,0,
NSE,22592,1,HEALTHADD,HEALTHADD-EQ,EQ,,0,
NSE,22595,1,HDFCPSUBK,HDFCPSUBK-EQ,EQ,,0,
NSE,22649,1,PARKHOTELS,PARKHOTELS-EQ,EQ,,0,
NSE,22670,1,RPTECH,RPTECH-EQ,EQ,,0,
NSE,22477,1,NOVAAGRI,NOVAAGRI-EQ,EQ,,0,
NSE,22663,1,JSFB,JSFB-EQ,EQ,,0,
NSE,22675,1,CAPITALSFB,CAPITALSFB-EQ,EQ,,0,
NSE,10761,1,SILVERADD,SILVERADD-EQ,EQ,,0,
NSE,17613,1,SENSEXADD,SENSEXADD-EQ,EQ,,0,
NSE,17576,1,PVTBANKADD,PVTBANKADD-EQ,EQ,,0,
NSE,17616,1,PSUBANKADD,PSUBANKADD-EQ,EQ,,0,
NSE,7451,1,NIFTY50ADD,NIFTY50ADD-EQ,EQ,,0,
NSE,7456,1,MIDQ50ADD,MIDQ50ADD-EQ,EQ,,0,
NSE,17207,1,ITETFADD,ITETFADD-EQ,EQ,,0,
NSE,15356,1,GOLDETFADD,GOLDETFADD-EQ,EQ,,0,
NSE,6606,1,EQUAL50ADD,EQUAL50ADD-EQ,EQ,,0,
NSE,13644,1,BANKETFADD,BANKETFADD-EQ,EQ,,0,
NSE,22717,1,ENTERO,ENTERO-EQ,EQ,,0,
NSE,22722,1,LICNMID100,LICNMID100-EQ,EQ,,0,
NSE,15156,1,KALYANIFRG,KALYANIFRG-EQ,EQ,,0,
NSE,5020,1,SVPGLOB,SVPGLOB-EQ,EQ,,0,
NSE,3018,1,SAURASHCEM,SAURASHCEM-EQ,EQ,,0,
NSE,22656,1,SIGNPOST,SIGNPOST-EQ,EQ,,0,
NSE,22824,1,JUNIPER,JUNIPER-EQ,EQ,,0,
NSE,22832,1,SMALLCAP,SMALLCAP-EQ,EQ,,0,
NSE,22846,1,GPTHEALTH,GPTHEALTH-EQ,EQ,,0,
NSE,22901,1,GOLDCASE,GOLDCASE-EQ,EQ,,0,
NSE,22730,1,VSTL,VSTL-EQ,EQ,,0,
NSE,22947,1,EXICOM,EXICOM-EQ,EQ,,0,
NSE,11297,1,SIL,SIL-EQ,EQ,,0,
NSE,20527,1,PRUDMOULI,PRUDMOULI-EQ,EQ,,0,
NSE,10321,1,PKTEA,PKTEA-EQ,EQ,,0,
NSE,2229,1,MODIRUBBER,MODIRUBBER-EQ,EQ,,0,
NSE,13121,1,KERNEX,KERNEX-EQ,EQ,,0,
NSE,4751,1,INDRAMEDCO,INDRAMEDCO-EQ,EQ,,0,
NSE,3088,1,INDOSTAR,INDOSTAR-EQ,EQ,,0,
NSE,245,1,ADL,ADL-EQ,EQ,,0,
NSE,23043,1,RKSWAMY,RKSWAMY-EQ,EQ,,0,
NSE,4130,1,REGENCERAM,REGENCERAM-EQ,EQ,,0,
NSE,23056,1,JGCHEM,JGCHEM-EQ,EQ,,0,
NSE,23066,1,GOPAL,GOPAL-EQ,EQ,,0,
NSE,29430,1,ANKITMETAL,ANKITMETAL-EQ,EQ,,0,
NSE,3321,1,SPMLINFRA,SPMLINFRA-EQ,EQ,,0,
NSE,778,1,KEEPLEARN,KEEPLEARN-EQ,EQ,,0,
NSE,13585,1,ATLANTAA,ATLANTAA-EQ,EQ,,0,
NSE,23142,1,PVSL,PVSL-EQ,EQ,,0,
NSE,15061,1,PSUBANK,PSUBANK-EQ,EQ,,0,
NSE,22930,1,PLATIND,PLATIND-EQ,EQ,,0,
NSE,11457,1,NV20,NV20-EQ,EQ,,0,
NSE,18102,1,NIFTY1,NIFTY1-EQ,EQ,,0,
NSE,10676,1,MNC,MNC-EQ,EQ,,0,
NSE,8077,1,MIDCAP,MIDCAP-EQ,EQ,,0,
NSE,8632,1,LOWVOL1,LOWVOL1-EQ,EQ,,0,
NSE,13950,1,LIQUID1,LIQUID1-EQ,EQ,,0,
NSE,2627,1,IT,IT-EQ,EQ,,0,
NSE,10512,1,CONS,CONS-EQ,EQ,,0,
NSE,5851,1,BANKNIFTY1,BANKNIFTY1-EQ,EQ,,0,
NSE,7412,1,ALPHA,ALPHA-EQ,EQ,,0,
NSE,23181,1,MOSMALL250,MOSMALL250-EQ,EQ,,0,
NSE,23184,1,MOREALTY,MOREALTY-EQ,EQ,,0,
NSE,23175,1,KRYSTAL,KRYSTAL-EQ,EQ,,0,
NSE,22980,1,MUKKA,MUKKA-EQ,EQ,,0,
NSE,4566,1,RUCHINFRA,RUCHINFRA-EQ,EQ,,0,
NSE,10865,1,GVPTECH,GVPTECH-EQ,EQ,,0,
NSE,23407,1,LIQUIDADD,LIQUIDADD-EQ,EQ,,0,
NSE,23127,1,SCILAL,SCILAL-EQ,EQ,,0,
NSE,14063,1,WANBURY,WANBURY-EQ,EQ,,0,
NSE,18727,1,MASKINVEST,MASKINVEST-EQ,EQ,,0,
NSE,23447,1,181NSETEST,181NSETEST-EQ,EQ,,0,
NSE,23446,1,171NSETEST,171NSETEST-EQ,EQ,,0,
NSE,26086,1,Nifty Multi Infra,Nifty Multi Infra,INDEX,,0,
NSE,26085,1,Nifty Multi Mfg,Nifty Multi Mfg,INDEX,,0,
NSE,26084,1,Nifty MidSml Hlth,Nifty MidSml Hlth,INDEX,,0,
NSE,26083,1,Nifty Tata 25 Cap,Nifty Tata 25 Cap,INDEX,,0,
NSE,23480,1,SINCLAIR,SINCLAIR-EQ,EQ,,0,
NSE,23489,1,BHARTIHEXA,BHARTIHEXA-EQ,EQ,,0,
NSE,23512,1,TARACHAND,TARACHAND-EQ,EQ,,0,
NSE,13082,1,SILVER1,SILVER1-EQ,EQ,,0,
NSE,14858,1,GOLD1,GOLD1-EQ,EQ,,0,
NSE,23365,1,SABTNL,SABTNL-EQ,EQ,,0,
NSE,23402,1,SRM,SRM-EQ,EQ,,0,
NSE,20481,1,WIPL,WIPL-EQ,EQ,,0,
NSE,13683,1,MBECL,MBECL-EQ,EQ,,0,
NSE,24948,1,LTF,LTF-EQ,EQ,,0,
NSE,23027,1,LANCORHOL,LANCORHOL-EQ,EQ,,0,
NSE,12809,1,HYBRIDFIN,HYBRIDFIN-EQ,EQ,,0,
NSE,7457,1,HAVISHA,HAVISHA-EQ,EQ,,0,
NSE,30038,1,FCONSUMER,FCONSUMER-EQ,EQ,,0,
NSE,14890,1,AKI,AKI-EQ,EQ,,0,
NSE,23553,1,AIIL,AIIL-EQ,EQ,,0,
NSE,4953,1,ADROITINFO,ADROITINFO-EQ,EQ,,0,
NSE,26013,1,NIFTYNXT50,Nifty Next 50,INDEX,,0,
NSE,23590,1,GLOSTERLTD,GLOSTERLTD-EQ,EQ,,0,
NSE,4548,1,GUJRAFFIA,GUJRAFFIA-EQ,EQ,,0,
NSE,23607,1,BALUFORGE,BALUFORGE-EQ,EQ,,0,
NSE,23621,1,JNKINDIA,JNKINDIA-EQ,EQ,,0,
NSE,23647,1,FILATFASH,FILATFASH-EQ,EQ,,0,
NSE,23693,1,INDGN,INDGN-EQ,EQ,,0,
NSE,23740,1,TBOTEK,TBOTEK-EQ,EQ,,0,
NSE,23729,1,AADHARHFC,AADHARHFC-EQ,EQ,,0,
NSE,1465,1,ACCURACY,ACCURACY-EQ,EQ,,0,
NSE,23799,1,GODIGIT,GODIGIT-EQ,EQ,,0,
NSE,23806,1,ABSLPSE,ABSLPSE-EQ,EQ,,0,
NSE,23855,1,MIDSMALL,MIDSMALL-EQ,EQ,,0,
NSE,23864,1,AWFIS,AWFIS-EQ,EQ,,0,
NSE,3453,1,TECILCHEM,TECILCHEM-EQ,EQ,,0,
NSE,4771,1,TCIFINANCE,TCIFINANCE-EQ,EQ,,0,
NSE,23915,1,LIQUIDBETF,LIQUIDBETF-EQ,EQ,,0,
NSE,10447,1,UNITDSPR,UNITDSPR-EQ,EQ,,0,
NSE,40,1,AEGISLOG,AEGISLOG-EQ,EQ,,0,
NSE,16996,1,TPHQ,TPHQ-EQ,EQ,,0,
NSE,24067,1,IXIGO,IXIGO-EQ,EQ,,0,
NSE,24081,1,TOP100CASE,TOP100CASE-EQ,EQ,,0,
NSE,24077,1,MID150CASE,MID150CASE-EQ,EQ,,0,
